taxonomy	sample_1	sample_2	sample_3	sample_4	sample_5	sample_6
Fungi;Ascomycota;Ascomycota_class_incertae_sedis;Ascomycota_order_incertae_sedis;Ascomycota_family_incertae_sedis;Acremonium	102	119	58	38	215	104
Fungi;Ascomycota;Ascomycota_class_incertae_sedis;Ascomycota_order_incertae_sedis;Ascomycota_family_incertae_sedis;Cephaliophora	NA	NA	10	NA	NA	NA
Fungi;Ascomycota;Ascomycota_class_incertae_sedis;Ascomycota_order_incertae_sedis;Ascomycota_family_incertae_sedis;Coniosporium	79	215	87	415	38	143
Fungi;Ascomycota;Ascomycota_class_incertae_sedis;Ascomycota_order_incertae_sedis;Ascomycota_family_incertae_sedis;Engyodontium	0	6	6	NA	0	1
Fungi;Ascomycota;Ascomycota_class_incertae_sedis;Ascomycota_order_incertae_sedis;Ascomycota_family_incertae_sedis;Harzia	1	0	0	NA	30	4
Fungi;Ascomycota;Ascomycota_class_incertae_sedis;Ascomycota_order_incertae_sedis;Ascomycota_family_incertae_sedis;Humicola	1	3	NA	NA	2	1
Fungi;Ascomycota;Ascomycota_class_incertae_sedis;Ascomycota_order_incertae_sedis;Ascomycota_family_incertae_sedis;Ochroconis	0	20	1	0	7	9
Fungi;Ascomycota;Ascomycota_class_incertae_sedis;Ascomycota_order_incertae_sedis;Ascomycota_family_incertae_sedis;Other	2	0	1	8	2	3
Fungi;Ascomycota;Ascomycota_class_incertae_sedis;Ascomycota_order_incertae_sedis;Ascomycota_family_incertae_sedis;Peltaster	4	33	1	10	0	0
Fungi;Ascomycota;Ascomycota_class_incertae_sedis;Ascomycota_order_incertae_sedis;Ascomycota_family_incertae_sedis;Phaeomoniella	0	16	4	8	4	49
Fungi;Ascomycota;Ascomycota_class_incertae_sedis;Ascomycota_order_incertae_sedis;Ascomycota_family_incertae_sedis;Phialemonium	4	11	14	15	90	133
Fungi;Ascomycota;Ascomycota_class_incertae_sedis;Ascomycota_order_incertae_sedis;Ascomycota_family_incertae_sedis;Rhizosphaera	0	0	0	3	1	0
Fungi;Ascomycota;Ascomycota_class_incertae_sedis;Ascomycota_order_incertae_sedis;Ascomycota_family_incertae_sedis;Scolecobasidium	3	14	0	0	0	2
Fungi;Ascomycota;Ascomycota_class_incertae_sedis;Ascomycota_order_incertae_sedis;Ascomycota_family_incertae_sedis;Tetracladium	0	3	0	13	3	16
Fungi;Ascomycota;Ascomycota_class_incertae_sedis;Ascomycota_order_incertae_sedis;Ascomycota_family_incertae_sedis;Thermomyces	52	40	24	21	8	33
Fungi;Ascomycota;Ascomycota_class_incertae_sedis;Ascomycota_order_incertae_sedis;Ascomycota_family_incertae_sedis;Tricladium	0	2	9	0	1	2
Fungi;Ascomycota;Ascomycota_class_incertae_sedis;Ascomycota_order_incertae_sedis;Ascomycota_family_incertae_sedis;Zalerion	0	23	0	1	0	2
Fungi;Ascomycota;Dothideomycetes;Capnodiales;Capnodiaceae;Other	2	2	1	1	3	1
Fungi;Ascomycota;Dothideomycetes;Capnodiales;Capnodiales_family_incertae_sedis;Capnobotryella	3	11	8	0	7	24
Fungi;Ascomycota;Dothideomycetes;Capnodiales;Capnodiales_family_incertae_sedis;Cladosporium	317929	345888	357751	150716	227278	188392
Fungi;Ascomycota;Dothideomycetes;Capnodiales;Capnodiales_family_incertae_sedis;Devriesia	129	115	276	123	280	78
Fungi;Ascomycota;Dothideomycetes;Capnodiales;Capnodiales_family_incertae_sedis;Dissoconium	46	74	66	27	1073	293
Fungi;Ascomycota;Dothideomycetes;Capnodiales;Capnodiales_family_incertae_sedis;Other	203	404	379	307	212	232
Fungi;Ascomycota;Dothideomycetes;Capnodiales;Capnodiales_family_incertae_sedis;Teratosphaeria	6	10	23	4	7	8
Fungi;Ascomycota;Dothideomycetes;Capnodiales;Mycosphaerellaceae;Cercospora	251	374	168	86	286	296
Fungi;Ascomycota;Dothideomycetes;Capnodiales;Mycosphaerellaceae;Mycocentrospora	0	6	0	4	6	1
Fungi;Ascomycota;Dothideomycetes;Capnodiales;Mycosphaerellaceae;Mycosphaerella	65	266	94	73	143	161
Fungi;Ascomycota;Dothideomycetes;Capnodiales;Mycosphaerellaceae;Other	434	427	234	147	277	351
Fungi;Ascomycota;Dothideomycetes;Capnodiales;Mycosphaerellaceae;Passalora	0	2	1	0	13	10
Fungi;Ascomycota;Dothideomycetes;Capnodiales;Mycosphaerellaceae;Phloeospora	1	0	4	6	0	0
Fungi;Ascomycota;Dothideomycetes;Capnodiales;Mycosphaerellaceae;Pseudocercospora	2	13	2	3	0	10
Fungi;Ascomycota;Dothideomycetes;Capnodiales;Mycosphaerellaceae;Septoria	1	8	2	5	9	4
Fungi;Ascomycota;Dothideomycetes;Capnodiales;Mycosphaerellaceae;Zygophiala	0	3	2	0	0	8
Fungi;Ascomycota;Dothideomycetes;Capnodiales;Mycosphaerellaceae;unclassified_Mycosphaerellaceae_genus	39	33	17	55	23	35
Fungi;Ascomycota;Dothideomycetes;Capnodiales;Other;Other	365	367	548	278	285	431
Fungi;Ascomycota;Dothideomycetes;Capnodiales;unclassified_Capnodiales_family;unclassified_Capnodiales_genus	1640	1699	1930	1379	1518	2671
Fungi;Ascomycota;Dothideomycetes;Dothideales;Dothideaceae;Dothidea	28	43	25	31	6	14
Fungi;Ascomycota;Dothideomycetes;Dothideales;Dothideales_family_incertae_sedis;Hortaea	37	31	56	60	42	71
Fungi;Ascomycota;Dothideomycetes;Dothideales;Dothioraceae;Aureobasidium	7736	9896	13272	8342	4346	6043
Fungi;Ascomycota;Dothideomycetes;Dothideales;Dothioraceae;Hormonema	12	16	19	18	6	13
Fungi;Ascomycota;Dothideomycetes;Dothideales;Dothioraceae;Other	14	4	19	27	2	13
Fungi;Ascomycota;Dothideomycetes;Dothideales;Dothioraceae;Pringsheimia	1	0	0	0	4	2
Fungi;Ascomycota;Dothideomycetes;Dothideales;Dothioraceae;Sydowia	54	167	158	108	27	200
Fungi;Ascomycota;Dothideomycetes;Dothideales;Dothioraceae;unclassified_Dothioraceae_genus	179	213	166	167	153	96
Fungi;Ascomycota;Dothideomycetes;Dothideales;Other;Other	125	128	81	179	53	475
Fungi;Ascomycota;Dothideomycetes;Dothideales;unclassified_Dothideales_family;unclassified_Dothideales_genus	0	0	35	0	0	0
Fungi;Ascomycota;Dothideomycetes;Dothideomycetes_order_incertae_sedis;Botryosphaeriaceae;Botryosphaeria	9	5	34	6	76	41
Fungi;Ascomycota;Dothideomycetes;Dothideomycetes_order_incertae_sedis;Botryosphaeriaceae;Other	0	8	0	NA	0	0
Fungi;Ascomycota;Dothideomycetes;Dothideomycetes_order_incertae_sedis;Botryosphaeriaceae;Sphaeropsis	1	10	NA	7	1	2
Fungi;Ascomycota;Dothideomycetes;Dothideomycetes_order_incertae_sedis;Botryosphaeriaceae;Stenocarpella	1	18	4	9	4	13
Fungi;Ascomycota;Dothideomycetes;Dothideomycetes_order_incertae_sedis;Botryosphaeriaceae;unclassified_Botryosphaeriaceae_genus	69	357	214	247	272	251
Fungi;Ascomycota;Dothideomycetes;Dothideomycetes_order_incertae_sedis;Dothideomycetes_family_incertae_sedis;Cenococcum	0	1	3	0	0	1
Fungi;Ascomycota;Dothideomycetes;Dothideomycetes_order_incertae_sedis;Dothideomycetes_family_incertae_sedis;Epicoccum	1437	1140	1084	801	735	1009
Fungi;Ascomycota;Dothideomycetes;Dothideomycetes_order_incertae_sedis;Eremomycetaceae;Other	19	2	14	8	18	0
Fungi;Ascomycota;Dothideomycetes;Dothideomycetes_order_incertae_sedis;Micropeltidaceae;Stomiopeltis	3	0	0	0	0	4
Fungi;Ascomycota;Dothideomycetes;Dothideomycetes_order_incertae_sedis;Other;Other	4	1	2	0	0	3
Fungi;Ascomycota;Dothideomycetes;Dothideomycetes_order_incertae_sedis;Tubeufiaceae;Acanthostigma	0	0	0	2	0	4
Fungi;Ascomycota;Dothideomycetes;Dothideomycetes_order_incertae_sedis;Tubeufiaceae;Helicoma	0	0	0	0	0	4
Fungi;Ascomycota;Dothideomycetes;Dothideomycetes_order_incertae_sedis;Tubeufiaceae;Other	4	3	4	1	4	13
Fungi;Ascomycota;Dothideomycetes;Dothideomycetes_order_incertae_sedis;Venturiaceae;Other	11	15	17	4	17	12
Fungi;Ascomycota;Dothideomycetes;Dothideomycetes_order_incertae_sedis;Venturiaceae;Venturia	11	94	26	32	13	9
Fungi;Ascomycota;Dothideomycetes;Dothideomycetes_order_incertae_sedis;Venturiaceae;unclassified_Venturiaceae_genus	106	9	18	1	12	22
Fungi;Ascomycota;Dothideomycetes;Myriangiales;Elsinoaceae;Elsinoe	10	1	18	15	10	4
Fungi;Ascomycota;Dothideomycetes;Myriangiales;Elsinoaceae;Other	3	0	13	0	4	0
Fungi;Ascomycota;Dothideomycetes;Myriangiales;Elsinoaceae;unclassified_Elsinoaceae_genus	9	17	9	5	0	1
Fungi;Ascomycota;Dothideomycetes;Myriangiales;Myriangiaceae;Other	5	0	9	16	2	0
Fungi;Ascomycota;Dothideomycetes;Myriangiales;Other;Other	0	3	20	8	2	18
Fungi;Ascomycota;Dothideomycetes;Myriangiales;unclassified_Myriangiales_family;unclassified_Myriangiales_genus	0	0	4	1	0	0
Fungi;Ascomycota;Dothideomycetes;Other;Other;Other	4644	5188	3620	3475	3055	3789
Fungi;Ascomycota;Dothideomycetes;Patellariales;Patellariaceae;Rhytidhysteron	5	30	8	11	0	20
Fungi;Ascomycota;Dothideomycetes;Pleosporales;Cucurbitariaceae;Curreya	10	28	12	24	24	120
Fungi;Ascomycota;Dothideomycetes;Pleosporales;Didymosphaeriaceae;Didymosphaeria	3	0	0	0	1	5
Fungi;Ascomycota;Dothideomycetes;Pleosporales;Leptosphaeriaceae;Ampelomyces	6	83	9	11	1	2
Fungi;Ascomycota;Dothideomycetes;Pleosporales;Leptosphaeriaceae;Leptosphaeria	645	1235	2541	848	5420	4256
Fungi;Ascomycota;Dothideomycetes;Pleosporales;Lophiostomataceae;Lophiostoma	120	251	462	299	605	1360
Fungi;Ascomycota;Dothideomycetes;Pleosporales;Massarinaceae;Massarina	10	9	3	6	16	20
Fungi;Ascomycota;Dothideomycetes;Pleosporales;Montagnulaceae;Letendraea	0	1	0	2	8	4
Fungi;Ascomycota;Dothideomycetes;Pleosporales;Montagnulaceae;Other	37	78	144	54	181	468
Fungi;Ascomycota;Dothideomycetes;Pleosporales;Montagnulaceae;Paraconiothyrium	152	388	473	493	241	3914
Fungi;Ascomycota;Dothideomycetes;Pleosporales;Montagnulaceae;Paraphaeosphaeria	2	8	12	9	37	53
Fungi;Ascomycota;Dothideomycetes;Pleosporales;Other;Other	43250	49391	35356	25352	23309	33240
Fungi;Ascomycota;Dothideomycetes;Pleosporales;Phaeosphaeriaceae;Eudarluca	NA	2	1	2	2	1
Fungi;Ascomycota;Dothideomycetes;Pleosporales;Phaeosphaeriaceae;Other	138	138	119	88	85	152
Fungi;Ascomycota;Dothideomycetes;Pleosporales;Phaeosphaeriaceae;Phaeosphaeria	265	635	473	221	1457	505
Fungi;Ascomycota;Dothideomycetes;Pleosporales;Pleomassariaceae;Asteromassaria	0	0	0	0	0	33
Fungi;Ascomycota;Dothideomycetes;Pleosporales;Pleosporaceae;Alternaria	2411	2556	1271	875	1735	1361
Fungi;Ascomycota;Dothideomycetes;Pleosporales;Pleosporaceae;Bipolaris	2773	4542	1107	2218	1053	1285
Fungi;Ascomycota;Dothideomycetes;Pleosporales;Pleosporaceae;Cochliobolus	254	175	131	123	154	169
Fungi;Ascomycota;Dothideomycetes;Pleosporales;Pleosporaceae;Curvularia	196	324	96	82	94	447
Fungi;Ascomycota;Dothideomycetes;Pleosporales;Pleosporaceae;Dendryphiella	0	9	4	3	3	35
Fungi;Ascomycota;Dothideomycetes;Pleosporales;Pleosporaceae;Dendryphion	7	0	6	2	1	1
Fungi;Ascomycota;Dothideomycetes;Pleosporales;Pleosporaceae;Drechslera	0	15	0	0	3	1
Fungi;Ascomycota;Dothideomycetes;Pleosporales;Pleosporaceae;Embellisia	59	69	23	23	20	21
Fungi;Ascomycota;Dothideomycetes;Pleosporales;Pleosporaceae;Exserohilum	55	25	54	24	27	41
Fungi;Ascomycota;Dothideomycetes;Pleosporales;Pleosporaceae;Lewia	383	223	305	71	543	149
Fungi;Ascomycota;Dothideomycetes;Pleosporales;Pleosporaceae;Other	3146	4239	2067	1507	2222	2339
Fungi;Ascomycota;Dothideomycetes;Pleosporales;Pleosporaceae;Pyrenochaeta	4	11	1	17	129	18
Fungi;Ascomycota;Dothideomycetes;Pleosporales;Pleosporaceae;Pyrenophora	15	33	32	11	121	92
Fungi;Ascomycota;Dothideomycetes;Pleosporales;Pleosporaceae;Stagonospora	87	62	533	54	1675	460
Fungi;Ascomycota;Dothideomycetes;Pleosporales;Pleosporaceae;Stemphylium	10	1	0	1	0	1
Fungi;Ascomycota;Dothideomycetes;Pleosporales;Pleosporaceae;unclassified_Pleosporaceae_genus	237	325	146	123	296	298
Fungi;Ascomycota;Dothideomycetes;Pleosporales;Pleosporales_family_incertae_sedis;Ascochyta	26	15	6	3	10	5
Fungi;Ascomycota;Dothideomycetes;Pleosporales;Pleosporales_family_incertae_sedis;Corynespora	3	15	10	10	20	24
Fungi;Ascomycota;Dothideomycetes;Pleosporales;Pleosporales_family_incertae_sedis;Dictyosporium	0	0	0	4	0	0
Fungi;Ascomycota;Dothideomycetes;Pleosporales;Pleosporales_family_incertae_sedis;Leptosphaerulina	1362	1369	1435	1234	800	1592
Fungi;Ascomycota;Dothideomycetes;Pleosporales;Pleosporales_family_incertae_sedis;Other	186	217	375	204	569	134
Fungi;Ascomycota;Dothideomycetes;Pleosporales;Pleosporales_family_incertae_sedis;Phoma	33183	32565	23847	18558	16661	22877
Fungi;Ascomycota;Dothideomycetes;Pleosporales;Sporormiaceae;Preussia	184	153	152	151	56	102
Fungi;Ascomycota;Dothideomycetes;Pleosporales;Sporormiaceae;Westerdykella	1	0	2	2	4	0
Fungi;Ascomycota;Dothideomycetes;Pleosporales;unclassified_Pleosporales_family;unclassified_Pleosporales_genus	1375	1398	2233	955	3300	2830
Fungi;Ascomycota;Dothideomycetes;unclassified_Dothideomycetes_order;unclassified_Dothideomycetes_family;unclassified_Dothideomycetes_genus	239	144	321	130	122	173
Fungi;Ascomycota;Eurotiomycetes;Chaetothyriales;Chaetothyriales_family_incertae_sedis;Sarcinomyces	215	162	488	236	567	447
Fungi;Ascomycota;Eurotiomycetes;Chaetothyriales;Herpotrichiellaceae;Capronia	0	8	0	0	4	4
Fungi;Ascomycota;Eurotiomycetes;Chaetothyriales;Herpotrichiellaceae;Cladophialophora	10	24	60	11	20	91
Fungi;Ascomycota;Eurotiomycetes;Chaetothyriales;Herpotrichiellaceae;Cladoriella	1	3	0	0	0	1
Fungi;Ascomycota;Eurotiomycetes;Chaetothyriales;Herpotrichiellaceae;Cyphellophora	0	2	11	0	119	65
Fungi;Ascomycota;Eurotiomycetes;Chaetothyriales;Herpotrichiellaceae;Exophiala	25	33	38	41	22	67
Fungi;Ascomycota;Eurotiomycetes;Chaetothyriales;Herpotrichiellaceae;Other	10	29	9	20	21	64
Fungi;Ascomycota;Eurotiomycetes;Chaetothyriales;Herpotrichiellaceae;Phaeococcomyces	10	30	49	47	10	24
Fungi;Ascomycota;Eurotiomycetes;Chaetothyriales;Herpotrichiellaceae;unclassified_Herpotrichiellaceae_genus	5	4	41	13	8	21
Fungi;Ascomycota;Eurotiomycetes;Chaetothyriales;Other;Other	29	55	19	73	18	44
Fungi;Ascomycota;Eurotiomycetes;Chaetothyriales;unclassified_Chaetothyriales_family;unclassified_Chaetothyriales_genus	391	426	566	394	365	501
Fungi;Ascomycota;Eurotiomycetes;Eurotiales;Elaphomycetaceae;Xeromyces	2	0	1	0	0	1
Fungi;Ascomycota;Eurotiomycetes;Eurotiales;Other;Other	4	2	2	1	0	0
Fungi;Ascomycota;Eurotiomycetes;Eurotiales;Trichocomaceae;Aspergillus	572	866	507	583	300	665
Fungi;Ascomycota;Eurotiomycetes;Eurotiales;Trichocomaceae;Byssochlamys	2	21	7	3	1	9
Fungi;Ascomycota;Eurotiomycetes;Eurotiales;Trichocomaceae;Emericella	58	145	57	101	24	151
Fungi;Ascomycota;Eurotiomycetes;Eurotiales;Trichocomaceae;Eurotium	4130	3929	3784	2520	1771	3799
Fungi;Ascomycota;Eurotiomycetes;Eurotiales;Trichocomaceae;Neosartorya	396	206	99	92	186	146
Fungi;Ascomycota;Eurotiomycetes;Eurotiales;Trichocomaceae;Other	156	204	99	74	112	99
Fungi;Ascomycota;Eurotiomycetes;Eurotiales;Trichocomaceae;Paecilomyces	1	0	1	2	4	5
Fungi;Ascomycota;Eurotiomycetes;Eurotiales;Trichocomaceae;Penicillium	3186	4135	3747	3037	2625	3251
Fungi;Ascomycota;Eurotiomycetes;Eurotiales;Trichocomaceae;Sagenomella	0	0	4	0	0	0
Fungi;Ascomycota;Eurotiomycetes;Eurotiales;Trichocomaceae;Talaromyces	13	16	22	3	7	18
Fungi;Ascomycota;Eurotiomycetes;Eurotiales;Trichocomaceae;Thermoascus	13	18	4	8	0	3
Fungi;Ascomycota;Eurotiomycetes;Eurotiales;Trichocomaceae;Thysanophora	64	495	18	212	40	239
Fungi;Ascomycota;Eurotiomycetes;Onygenales;Arachnomycetaceae;Arachnomyces	0	5	0	7	0	1
Fungi;Ascomycota;Eurotiomycetes;Onygenales;Arthrodermataceae;Arthroderma	12	12	14	15	2	5
Fungi;Ascomycota;Eurotiomycetes;Onygenales;Arthrodermataceae;Other	2	0	1	1	1	0
Fungi;Ascomycota;Eurotiomycetes;Onygenales;Gymnoascaceae;Gymnoascoideus	3	1	0	9	0	NA
Fungi;Ascomycota;Eurotiomycetes;Onygenales;Gymnoascaceae;Gymnoascus	0	0	4	0	0	1
Fungi;Ascomycota;Eurotiomycetes;Onygenales;Gymnoascaceae;Other	1	1	3	12	0	3
Fungi;Ascomycota;Eurotiomycetes;Onygenales;Gymnoascaceae;unclassified_Gymnoascaceae_genus	4	5	6	6	0	2
Fungi;Ascomycota;Eurotiomycetes;Onygenales;Onygenaceae;Aphanoascus	7	0	0	0	0	0
Fungi;Ascomycota;Eurotiomycetes;Onygenales;Onygenaceae;Auxarthron	0	3	5	10	1	0
Fungi;Ascomycota;Eurotiomycetes;Onygenales;Onygenaceae;Spiromastix	0	5	3	0	0	0
Fungi;Ascomycota;Eurotiomycetes;Onygenales;Onygenales_family_incertae_sedis;Chrysosporium	37	55	35	40	27	48
Fungi;Ascomycota;Eurotiomycetes;Onygenales;Onygenales_family_incertae_sedis;Coccidioides	4	3	5	5	0	1
Fungi;Ascomycota;Eurotiomycetes;Onygenales;Onygenales_family_incertae_sedis;Emmonsia	0	0	11	0	0	0
Fungi;Ascomycota;Eurotiomycetes;Onygenales;Onygenales_family_incertae_sedis;Malbranchea	4	2	2	6	1	3
Fungi;Ascomycota;Eurotiomycetes;Onygenales;Onygenales_family_incertae_sedis;Other	12	15	32	1	3	7
Fungi;Ascomycota;Eurotiomycetes;Onygenales;Other;Other	68	106	64	57	20	53
Fungi;Ascomycota;Eurotiomycetes;Other;Other;Other	1	2	4	4	1	2
Fungi;Ascomycota;Eurotiomycetes;Verrucariales;Verrucariaceae;Catapyrenium	0	0	NA	0	0	4
Fungi;Ascomycota;Eurotiomycetes;Verrucariales;Verrucariaceae;Verrucaria	84	131	58	146	161	402
Fungi;Ascomycota;Lecanoromycetes;Acarosporales;Acarosporaceae;Acarospora	15	24	7	5	9	14
Fungi;Ascomycota;Lecanoromycetes;Acarosporales;Acarosporaceae;Other	0	15	0	3	21	17
Fungi;Ascomycota;Lecanoromycetes;Lecanorales;Lecanoraceae;Lecanora	0	0	0	18	0	0
Fungi;Ascomycota;Lecanoromycetes;Lecanorales;Lecanoraceae;Other	0	0	4	0	0	0
Fungi;Ascomycota;Lecanoromycetes;Lecanorales;Other;Other	3	7	0	7	2	7
Fungi;Ascomycota;Lecanoromycetes;Lecanorales;Parmeliaceae;Bryoria	9	1	46	3	12	0
Fungi;Ascomycota;Lecanoromycetes;Lecanorales;Parmeliaceae;Other	10	31	18	58	18	36
Fungi;Ascomycota;Lecanoromycetes;Lecanorales;Parmeliaceae;Parmotrema	4	0	0	3	0	5
Fungi;Ascomycota;Lecanoromycetes;Lecanorales;Physciaceae;Heterodermia	0	5	0	7	0	13
Fungi;Ascomycota;Lecanoromycetes;Lecanorales;Physciaceae;Other	5	0	1	6	0	3
Fungi;Ascomycota;Lecanoromycetes;Lecanorales;Physciaceae;Phaeophyscia	91	47	34	12	38	49
Fungi;Ascomycota;Lecanoromycetes;Lecanorales;Physciaceae;Physcia	21	18	30	30	13	58
Fungi;Ascomycota;Lecanoromycetes;Lecanorales;Physciaceae;unclassified_Physciaceae_genus	0	0	1	0	5	0
Fungi;Ascomycota;Lecanoromycetes;Lecanorales;Ramalinaceae;Ramalina	15	5	8	7	0	0
Fungi;Ascomycota;Lecanoromycetes;Lecanoromycetes_order_incertae_sedis;Teloschistaceae;Caloplaca	58	31	18	75	16	84
Fungi;Ascomycota;Lecanoromycetes;Lecanoromycetes_order_incertae_sedis;Teloschistaceae;Xanthoria	0	0	0	0	0	4
Fungi;Ascomycota;Lecanoromycetes;Ostropales;Stictidaceae;unclassified_Stictidaceae_genus	0	1	3	2	5	0
Fungi;Ascomycota;Lecanoromycetes;Other;Other;Other	7	36	12	35	2	3
Fungi;Ascomycota;Leotiomycetes;Helotiales;Dermateaceae;Mollisia	2	5	1	1	6	11
Fungi;Ascomycota;Leotiomycetes;Helotiales;Helotiaceae;Bisporella	0	0	3	0	0	7
Fungi;Ascomycota;Leotiomycetes;Helotiales;Helotiaceae;Crocicreas	3	23	0	0	15	25
Fungi;Ascomycota;Leotiomycetes;Helotiales;Helotiaceae;Hymenoscyphus	0	10	0	0	3	8
Fungi;Ascomycota;Leotiomycetes;Helotiales;Helotiaceae;Other	3	0	8	0	66	4
Fungi;Ascomycota;Leotiomycetes;Helotiales;Helotiaceae;unclassified_Helotiaceae_genus	0	2	0	0	2	43
Fungi;Ascomycota;Leotiomycetes;Helotiales;Helotiales_family_incertae_sedis;Acephala	11	50	24	23	82	151
Fungi;Ascomycota;Leotiomycetes;Helotiales;Helotiales_family_incertae_sedis;Cadophora	24	42	12	30	14	62
Fungi;Ascomycota;Leotiomycetes;Helotiales;Helotiales_family_incertae_sedis;Chaetomella	0	0	0	0	1	12
Fungi;Ascomycota;Leotiomycetes;Helotiales;Helotiales_family_incertae_sedis;Chalara	1	0	1	0	13	125
Fungi;Ascomycota;Leotiomycetes;Helotiales;Helotiales_family_incertae_sedis;Naemacyclus	0	16	0	1	3	794
Fungi;Ascomycota;Leotiomycetes;Helotiales;Helotiales_family_incertae_sedis;Other	153	353	270	202	230	822
Fungi;Ascomycota;Leotiomycetes;Helotiales;Helotiales_family_incertae_sedis;Phialocephala	1	4	3	0	1	5
Fungi;Ascomycota;Leotiomycetes;Helotiales;Helotiales_family_incertae_sedis;Pilidium	0	7	1	0	0	28
Fungi;Ascomycota;Leotiomycetes;Helotiales;Hyaloscyphaceae;Cistella	3	1	0	0	0	4
Fungi;Ascomycota;Leotiomycetes;Helotiales;Hyaloscyphaceae;Hyaloscypha	4	0	0	4	0	2
Fungi;Ascomycota;Leotiomycetes;Helotiales;Hyaloscyphaceae;Lachnellula	8	0	1	0	0	0
Fungi;Ascomycota;Leotiomycetes;Helotiales;Hyaloscyphaceae;Lachnum	0	2	0	0	39	89
Fungi;Ascomycota;Leotiomycetes;Helotiales;Hyaloscyphaceae;Other	1	8	7	4	1	35
Fungi;Ascomycota;Leotiomycetes;Helotiales;Hyaloscyphaceae;unclassified_Hyaloscyphaceae_genus	0	2	0	0	1	5
Fungi;Ascomycota;Leotiomycetes;Helotiales;Other;Other	63	66	101	36	74	212
Fungi;Ascomycota;Leotiomycetes;Helotiales;Sclerotiniaceae;Botryotinia	530	486	272	149	1348	192
Fungi;Ascomycota;Leotiomycetes;Helotiales;Sclerotiniaceae;Monilinia	0	5	6	19	0	3
Fungi;Ascomycota;Leotiomycetes;Helotiales;Sclerotiniaceae;Other	5650	3983	6218	843	12519	3538
Fungi;Ascomycota;Leotiomycetes;Helotiales;Sclerotiniaceae;Sclerotinia	4	8	2	2	3	7
Fungi;Ascomycota;Leotiomycetes;Helotiales;Sclerotiniaceae;unclassified_Sclerotiniaceae_genus	22	15	70	9	84	81
Fungi;Ascomycota;Leotiomycetes;Helotiales;unclassified_Helotiales_family;unclassified_Helotiales_genus	13	34	46	12	30	81
Fungi;Ascomycota;Leotiomycetes;Leotiomycetes_order_incertae_sedis;Erysiphaceae;Blumeria	40	74	47	55	14	41
Fungi;Ascomycota;Leotiomycetes;Leotiomycetes_order_incertae_sedis;Erysiphaceae;Cystotheca	1	0	0	5	1	3
Fungi;Ascomycota;Leotiomycetes;Leotiomycetes_order_incertae_sedis;Erysiphaceae;Erysiphe	16	82	255	191	24	56
Fungi;Ascomycota;Leotiomycetes;Leotiomycetes_order_incertae_sedis;Erysiphaceae;Golovinomyces	749	247	5892	196	649	74
Fungi;Ascomycota;Leotiomycetes;Leotiomycetes_order_incertae_sedis;Erysiphaceae;Neoerysiphe	154	306	48	78	12	37
Fungi;Ascomycota;Leotiomycetes;Leotiomycetes_order_incertae_sedis;Erysiphaceae;Other	53	89	417	728	57	89
Fungi;Ascomycota;Leotiomycetes;Leotiomycetes_order_incertae_sedis;Erysiphaceae;Phyllactinia	7	18	2	5	1	2
Fungi;Ascomycota;Leotiomycetes;Leotiomycetes_order_incertae_sedis;Erysiphaceae;Podosphaera	103	147	389	351	60	63
Fungi;Ascomycota;Leotiomycetes;Leotiomycetes_order_incertae_sedis;Erysiphaceae;Sawadaea	0	0	48	28	0	19
Fungi;Ascomycota;Leotiomycetes;Leotiomycetes_order_incertae_sedis;Myxotrichaceae;Geomyces	24	5	84	27	1	3
Fungi;Ascomycota;Leotiomycetes;Leotiomycetes_order_incertae_sedis;Myxotrichaceae;Myxotrichum	14	15	0	21	0	6
Fungi;Ascomycota;Leotiomycetes;Leotiomycetes_order_incertae_sedis;Myxotrichaceae;Oidiodendron	18	29	28	10	5	10
Fungi;Ascomycota;Leotiomycetes;Leotiomycetes_order_incertae_sedis;Myxotrichaceae;Other	12	0	0	NA	0	0
Fungi;Ascomycota;Leotiomycetes;Leotiomycetes_order_incertae_sedis;Pseudeurotiaceae;Pseudeurotium	0	1	3	14	1	3
Fungi;Ascomycota;Leotiomycetes;Leotiomycetes_order_incertae_sedis;Rhytismataceae;Lophodermium	7	16	18	2	47	115
Fungi;Ascomycota;Leotiomycetes;Leotiomycetes_order_incertae_sedis;Rhytismataceae;Other	2	5	9	0	9	35
Fungi;Ascomycota;Leotiomycetes;Leotiomycetes_order_incertae_sedis;Rhytismataceae;Tryblidiopsis	0	0	1	3	5	3
Fungi;Ascomycota;Leotiomycetes;Other;Other;Other	0	0	8	2	0	0
Fungi;Ascomycota;Leotiomycetes;unclassified_Leotiomycetes_order;unclassified_Leotiomycetes_family;unclassified_Leotiomycetes_genus	4	3	3	6	0	26
Fungi;Ascomycota;Orbiliomycetes;Orbiliales;Orbiliaceae;Arthrobotrys	10	1	0	0	7	1
Fungi;Ascomycota;Orbiliomycetes;Orbiliales;Orbiliaceae;Dactylaria	37	34	17	21	8	15
Fungi;Ascomycota;Orbiliomycetes;Orbiliales;Orbiliaceae;Dactylella	0	0	0	1	3	5
Fungi;Ascomycota;Other;Other;Other;Other	6636	8608	7689	4425	5875	8528
Fungi;Ascomycota;Pezizomycetes;Other;Other;Other	0	0	8	0	1	1
Fungi;Ascomycota;Pezizomycetes;Pezizales;Ascobolaceae;Ascobolus	9	4	86	19	1	10
Fungi;Ascomycota;Pezizomycetes;Pezizales;Discinaceae;Gyromitra	0	2	0	0	3	6
Fungi;Ascomycota;Pezizomycetes;Pezizales;Morchellaceae;Disciotis	0	10	0	8	2	3
Fungi;Ascomycota;Pezizomycetes;Pezizales;Morchellaceae;Morchella	21	243	6	11	23	188
Fungi;Ascomycota;Pezizomycetes;Pezizales;Other;Other	7	3	0	1	2	17
Fungi;Ascomycota;Pezizomycetes;Pezizales;Pezizaceae;Pachyphloeus	0	4	0	0	0	0
Fungi;Ascomycota;Pezizomycetes;Pezizales;Pezizaceae;Peziza	0	3	1	1	20	4
Fungi;Ascomycota;Pezizomycetes;Pezizales;Pezizaceae;Ruhlandiella	0	0	0	5	2	2
Fungi;Ascomycota;Pezizomycetes;Pezizales;Pezizaceae;unclassified_Pezizaceae_genus	0	0	5	0	12	8
Fungi;Ascomycota;Pezizomycetes;Pezizales;Pyronemataceae;Other	0	0	18	0	0	0
Fungi;Ascomycota;Pezizomycetes;Pezizales;Pyronemataceae;Pseudaleuria	0	2	0	2	0	0
Fungi;Ascomycota;Pezizomycetes;Pezizales;Sarcosomataceae;Plectania	1	4	0	0	12	19
Fungi;Ascomycota;Pezizomycetes;Pezizales;Sarcosomataceae;unclassified_Sarcosomataceae_genus	3	16	0	2	0	0
Fungi;Ascomycota;Pezizomycetes;Pezizales;Tuberaceae;unclassified_Tuberaceae_genus	0	0	1	4	5	11
Fungi;Ascomycota;Pezizomycetes;unclassified_Pezizomycetes_order;unclassified_Pezizomycetes_family;unclassified_Pezizomycetes_genus	11	37	5	36	38	60
Fungi;Ascomycota;Saccharomycetes;Saccharomycetales;Dipodascaceae;Galactomyces	49	125	101	116	70	97
Fungi;Ascomycota;Saccharomycetes;Saccharomycetales;Dipodascaceae;Geotrichum	0	8	0	0	0	0
Fungi;Ascomycota;Saccharomycetes;Saccharomycetales;Dipodascaceae;Yarrowia	11	24	4	26	0	44
Fungi;Ascomycota;Saccharomycetes;Saccharomycetales;Lipomycetaceae;Lipomyces	0	3	0	1	0	0
Fungi;Ascomycota;Saccharomycetes;Saccharomycetales;Metschnikowiaceae;Clavispora	6	55	0	20	1	15
Fungi;Ascomycota;Saccharomycetes;Saccharomycetales;Metschnikowiaceae;Metschnikowia	0	4	1	0	0	0
Fungi;Ascomycota;Saccharomycetes;Saccharomycetales;Other;Other	1	4	7	2	0	2
Fungi;Ascomycota;Saccharomycetes;Saccharomycetales;Saccharomycetaceae;Kazachstania	4	19	18	3	3	3
Fungi;Ascomycota;Saccharomycetes;Saccharomycetales;Saccharomycetaceae;Pichia	5	18	7	3	5	6
Fungi;Ascomycota;Saccharomycetes;Saccharomycetales;Saccharomycetaceae;Saccharomyces	25	61	29	47	19	21
Fungi;Ascomycota;Saccharomycetes;Saccharomycetales;Saccharomycetaceae;Torulaspora	0	1	0	13	1	2
Fungi;Ascomycota;Saccharomycetes;Saccharomycetales;Saccharomycetaceae;Zygosaccharomyces	0	7	0	0	1	0
Fungi;Ascomycota;Saccharomycetes;Saccharomycetales;Saccharomycetales_family_incertae_sedis;Candida	13	114	80	44	16	27
Fungi;Ascomycota;Saccharomycetes;Saccharomycetales;Saccharomycetales_family_incertae_sedis;Debaryomyces	68	29	108	15	16	13
Fungi;Ascomycota;Saccharomycetes;Saccharomycetales;Saccharomycodaceae;Hanseniaspora	9	16	17	4	3	2
Fungi;Ascomycota;Saccharomycetes;Saccharomycetales;unclassified_Saccharomycetales_family;unclassified_Saccharomycetales_genus	15	15	9	2	0	1
Fungi;Ascomycota;Saccharomycetes;unclassified_Saccharomycetes_order;unclassified_Saccharomycetes_family;unclassified_Saccharomycetes_genus	0	12	1	4	0	7
Fungi;Ascomycota;Sordariomycetes;Calosphaeriales;Calosphaeriaceae;Phaeoacremonium	2	1	7	3	4	8
Fungi;Ascomycota;Sordariomycetes;Chaetosphaeriales;Chaetosphaeriaceae;Chaetosphaeria	3	0	0	0	0	2
Fungi;Ascomycota;Sordariomycetes;Chaetosphaeriales;Chaetosphaeriaceae;Other	0	0	0	NA	0	4
Fungi;Ascomycota;Sordariomycetes;Coniochaetales;Coniochaetaceae;Lecythophora	0	1	8	4	4	2
Fungi;Ascomycota;Sordariomycetes;Coniochaetales;Coniochaetaceae;Other	0	0	6	0	0	0
Fungi;Ascomycota;Sordariomycetes;Diaporthales;Diaporthales_family_incertae_sedis;Diaporthe	0	4	11	1	11	35
Fungi;Ascomycota;Sordariomycetes;Diaporthales;Diaporthales_family_incertae_sedis;Harknessia	7	5	10	7	7	9
Fungi;Ascomycota;Sordariomycetes;Diaporthales;Diaporthales_family_incertae_sedis;Other	1	4	8	2	1	8
Fungi;Ascomycota;Sordariomycetes;Diaporthales;Diaporthales_family_incertae_sedis;Valsaria	0	0	0	1	8	0
Fungi;Ascomycota;Sordariomycetes;Diaporthales;Gnomoniaceae;Gnomonia	0	5	0	0	0	4
Fungi;Ascomycota;Sordariomycetes;Diaporthales;Gnomoniaceae;Other	0	1	7	0	65	4
Fungi;Ascomycota;Sordariomycetes;Diaporthales;Gnomoniaceae;unclassified_Gnomoniaceae_genus	10	12	2	1	64	147
Fungi;Ascomycota;Sordariomycetes;Diaporthales;Melanconidaceae;Dicarpella	0	0	1	1	2	0
Fungi;Ascomycota;Sordariomycetes;Diaporthales;Melanconidaceae;Pilidiella	0	1	0	0	8	13
Fungi;Ascomycota;Sordariomycetes;Diaporthales;Other;Other	2	37	10	9	131	197
Fungi;Ascomycota;Sordariomycetes;Diaporthales;Valsaceae;Other	13	23	106	28	42	37
Fungi;Ascomycota;Sordariomycetes;Diaporthales;Valsaceae;Phomopsis	9	37	18	10	172	279
Fungi;Ascomycota;Sordariomycetes;Diaporthales;Valsaceae;Valsa	9	26	73	4	40	35
Fungi;Ascomycota;Sordariomycetes;Diaporthales;unclassified_Diaporthales_family;unclassified_Diaporthales_genus	18	76	105	22	368	440
Fungi;Ascomycota;Sordariomycetes;Glomerellales;Glomerellales_family_incertae_sedis;Colletotrichum	4	6	7	2	23	21
Fungi;Ascomycota;Sordariomycetes;Glomerellales;Glomerellales_family_incertae_sedis;Glomerella	5	3	5	4	348	158
Fungi;Ascomycota;Sordariomycetes;Glomerellales;Glomerellales_family_incertae_sedis;Other	1	12	53	5	22	116
Fungi;Ascomycota;Sordariomycetes;Glomerellales;Other;Other	18	15	24	16	47	49
Fungi;Ascomycota;Sordariomycetes;Glomerellales;Plectosphaerellaceae;Other	4	2	1	1	9	23
Fungi;Ascomycota;Sordariomycetes;Glomerellales;Plectosphaerellaceae;Plectosphaerella	94	119	111	75	396	270
Fungi;Ascomycota;Sordariomycetes;Glomerellales;Plectosphaerellaceae;Verticilium	17	6	6	3	2	6
Fungi;Ascomycota;Sordariomycetes;Glomerellales;Plectosphaerellaceae;unclassified_Plectosphaerellaceae_genus	40	10	55	5	107	6
Fungi;Ascomycota;Sordariomycetes;Glomerellales;unclassified_Glomerellales_family;unclassified_Glomerellales_genus	1	0	162	3	2	10
Fungi;Ascomycota;Sordariomycetes;Hypocreales;Bionectriaceae;Bionectria	4	1	16	4	2	5
Fungi;Ascomycota;Sordariomycetes;Hypocreales;Bionectriaceae;Geosmithia	2	6	8	1	33	1
Fungi;Ascomycota;Sordariomycetes;Hypocreales;Bionectriaceae;Other	0	3	1	0	5	2
Fungi;Ascomycota;Sordariomycetes;Hypocreales;Bionectriaceae;unclassified_Bionectriaceae_genus	1	1	0	7	6	13
Fungi;Ascomycota;Sordariomycetes;Hypocreales;Clavicipitaceae;Claviceps	0	3	6	1	9	8
Fungi;Ascomycota;Sordariomycetes;Hypocreales;Clavicipitaceae;Metarhizium	14	26	4	5	17	4
Fungi;Ascomycota;Sordariomycetes;Hypocreales;Clavicipitaceae;Paecilomyces	1	10	0	12	2	1
Fungi;Ascomycota;Sordariomycetes;Hypocreales;Clavicipitaceae;Pochonia	0	4	14	5	1	2
Fungi;Ascomycota;Sordariomycetes;Hypocreales;Hypocreaceae;Hypocrea	40	62	86	54	46	88
Fungi;Ascomycota;Sordariomycetes;Hypocreales;Hypocreaceae;Hypomyces	1	0	0	0	8	0
Fungi;Ascomycota;Sordariomycetes;Hypocreales;Hypocreaceae;unclassified_Hypocreaceae_genus	16	139	14	11	6	14
Fungi;Ascomycota;Sordariomycetes;Hypocreales;Hypocreales_family_incertae_sedis;Acremonium	1	2	0	1	0	1
Fungi;Ascomycota;Sordariomycetes;Hypocreales;Hypocreales_family_incertae_sedis;Beauveria	66	119	60	45	30	53
Fungi;Ascomycota;Sordariomycetes;Hypocreales;Hypocreales_family_incertae_sedis;Cordyceps	204	296	77	132	26	218
Fungi;Ascomycota;Sordariomycetes;Hypocreales;Hypocreales_family_incertae_sedis;Emericellopsis	10	1	11	0	0	0
Fungi;Ascomycota;Sordariomycetes;Hypocreales;Hypocreales_family_incertae_sedis;Fusarium	794	875	1126	648	1402	745
Fungi;Ascomycota;Sordariomycetes;Hypocreales;Hypocreales_family_incertae_sedis;Hirsutella	0	0	7	0	0	0
Fungi;Ascomycota;Sordariomycetes;Hypocreales;Hypocreales_family_incertae_sedis;Isaria	31	141	24	29	23	76
Fungi;Ascomycota;Sordariomycetes;Hypocreales;Hypocreales_family_incertae_sedis;Lecanicillium	1	2	6	1	1	10
Fungi;Ascomycota;Sordariomycetes;Hypocreales;Hypocreales_family_incertae_sedis;Myrothecium	22	49	17	41	17	22
Fungi;Ascomycota;Sordariomycetes;Hypocreales;Hypocreales_family_incertae_sedis;Other	16	14	23	15	39	7
Fungi;Ascomycota;Sordariomycetes;Hypocreales;Hypocreales_family_incertae_sedis;Sarocladium	111	159	66	38	227	80
Fungi;Ascomycota;Sordariomycetes;Hypocreales;Hypocreales_family_incertae_sedis;Simplicillium	11	3	0	0	2	4
Fungi;Ascomycota;Sordariomycetes;Hypocreales;Hypocreales_family_incertae_sedis;Stachybotrys	120	149	105	86	32	52
Fungi;Ascomycota;Sordariomycetes;Hypocreales;Hypocreales_family_incertae_sedis;Stilbella	3	3	1	1	1	2
Fungi;Ascomycota;Sordariomycetes;Hypocreales;Hypocreales_family_incertae_sedis;Trichothecium	3	1	1	1	4	1
Fungi;Ascomycota;Sordariomycetes;Hypocreales;Hypocreales_family_incertae_sedis;Verticillium	0	7	6	0	3	6
Fungi;Ascomycota;Sordariomycetes;Hypocreales;Nectriaceae;Cosmospora	3	8	4	0	21	41
Fungi;Ascomycota;Sordariomycetes;Hypocreales;Nectriaceae;Gibberella	197	337	344	187	571	322
Fungi;Ascomycota;Sordariomycetes;Hypocreales;Nectriaceae;Nectria	71	113	79	70	20	81
Fungi;Ascomycota;Sordariomycetes;Hypocreales;Nectriaceae;Neonectria	0	0	0	10	0	1
Fungi;Ascomycota;Sordariomycetes;Hypocreales;Nectriaceae;Other	12	10	16	11	60	59
Fungi;Ascomycota;Sordariomycetes;Hypocreales;Nectriaceae;Pseudonectria	0	2	1	0	2	1
Fungi;Ascomycota;Sordariomycetes;Hypocreales;Nectriaceae;Stephanonectria	1	0	7	1	0	2
Fungi;Ascomycota;Sordariomycetes;Hypocreales;Nectriaceae;Thelonectria	24	9	31	2	31	1
Fungi;Ascomycota;Sordariomycetes;Hypocreales;Other;Other	301	350	191	229	341	440
Fungi;Ascomycota;Sordariomycetes;Hypocreales;unclassified_Hypocreales_family;unclassified_Hypocreales_genus	138	119	140	100	346	213
Fungi;Ascomycota;Sordariomycetes;Microascales;Ceratocystidaceae;Ceratocystis	0	3	26	6	2	61
Fungi;Ascomycota;Sordariomycetes;Microascales;Halosphaeriaceae;Periconia	1898	1999	2302	1307	3255	2268
Fungi;Ascomycota;Sordariomycetes;Microascales;Microascaceae;Kernia	51	9	92	27	9	5
Fungi;Ascomycota;Sordariomycetes;Microascales;Microascaceae;Other	0	2	2	1	50	0
Fungi;Ascomycota;Sordariomycetes;Microascales;Microascaceae;Petriella	51	17	12	4	13	3
Fungi;Ascomycota;Sordariomycetes;Microascales;Microascaceae;Scedosporium	75	46	122	40	25	20
Fungi;Ascomycota;Sordariomycetes;Microascales;Microascales_family_incertae_sedis;Other	20	15	44	14	7	6
Fungi;Ascomycota;Sordariomycetes;Microascales;Microascales_family_incertae_sedis;Scopulariopsis	280	141	226	151	99	51
Fungi;Ascomycota;Sordariomycetes;Microascales;Microascales_family_incertae_sedis;Sphaeronaemella	5	24	9	13	5	18
Fungi;Ascomycota;Sordariomycetes;Microascales;Other;Other	461	245	407	187	85	61
Fungi;Ascomycota;Sordariomycetes;Ophiostomatales;Ophiostomataceae;Cornuvesica	0	3	1	15	6	8
Fungi;Ascomycota;Sordariomycetes;Ophiostomatales;Ophiostomataceae;unclassified_Ophiostomataceae_genus	0	0	3	0	1	0
Fungi;Ascomycota;Sordariomycetes;Other;Other;Other	143	162	163	116	53	42
Fungi;Ascomycota;Sordariomycetes;Sordariales;Chaetomiaceae;Chaetomium	654	503	907	349	141	140
Fungi;Ascomycota;Sordariomycetes;Sordariales;Chaetomiaceae;Corynascus	26	19	65	2	6	5
Fungi;Ascomycota;Sordariomycetes;Sordariales;Chaetomiaceae;Other	28	43	65	43	13	7
Fungi;Ascomycota;Sordariomycetes;Sordariales;Chaetomiaceae;Thielavia	1	0	0	0	8	3
Fungi;Ascomycota;Sordariomycetes;Sordariales;Chaetomiaceae;Zopfiella	11	0	4	4	0	0
Fungi;Ascomycota;Sordariomycetes;Sordariales;Lasiosphaeriaceae;Cercophora	0	8	2	0	1	0
Fungi;Ascomycota;Sordariomycetes;Sordariales;Lasiosphaeriaceae;Other	9	6	229	11	19	31
Fungi;Ascomycota;Sordariomycetes;Sordariales;Lasiosphaeriaceae;Podospora	2	18	10	6	7	6
Fungi;Ascomycota;Sordariomycetes;Sordariales;Lasiosphaeriaceae;unclassified_Lasiosphaeriaceae_genus	1	1	2	0	3	3
Fungi;Ascomycota;Sordariomycetes;Sordariales;Other;Other	66	32	95	73	18	9
Fungi;Ascomycota;Sordariomycetes;Sordariales;Sordariaceae;Neurospora	1139	851	936	815	705	792
Fungi;Ascomycota;Sordariomycetes;Sordariomycetes_order_incertae_sedis;Apiosporaceae;Arthrinium	343	369	352	272	74	98
Fungi;Ascomycota;Sordariomycetes;Sordariomycetes_order_incertae_sedis;Magnaporthaceae;Magnaporthe	30	45	14	8	228	64
Fungi;Ascomycota;Sordariomycetes;Sordariomycetes_order_incertae_sedis;Magnaporthaceae;Other	4	6	10	1	21	21
Fungi;Ascomycota;Sordariomycetes;Sordariomycetes_order_incertae_sedis;Magnaporthaceae;Phialophora	19	5	18	6	73	57
Fungi;Ascomycota;Sordariomycetes;Trichosphaeriales;Trichosphaeriales_family_incertae_sedis;Nigrospora	1944	2277	1453	994	1031	1302
Fungi;Ascomycota;Sordariomycetes;Xylariales;Amphisphaeriaceae;Other	89	123	174	170	411	462
Fungi;Ascomycota;Sordariomycetes;Xylariales;Amphisphaeriaceae;Pestalotiopsis	121	163	83	74	109	185
Fungi;Ascomycota;Sordariomycetes;Xylariales;Amphisphaeriaceae;Seiridium	9	19	12	6	5	32
Fungi;Ascomycota;Sordariomycetes;Xylariales;Amphisphaeriaceae;Truncatella	173	298	154	196	257	567
Fungi;Ascomycota;Sordariomycetes;Xylariales;Amphisphaeriaceae;unclassified_Amphisphaeriaceae_genus	0	16	0	2	7	50
Fungi;Ascomycota;Sordariomycetes;Xylariales;Diatrypaceae;Diatrype	0	3	17	18	1	6
Fungi;Ascomycota;Sordariomycetes;Xylariales;Diatrypaceae;Diatrypella	15	41	73	58	10	30
Fungi;Ascomycota;Sordariomycetes;Xylariales;Diatrypaceae;Eutypella	96	518	1937	276	1319	1140
Fungi;Ascomycota;Sordariomycetes;Xylariales;Diatrypaceae;Other	1	57	83	28	1	8
Fungi;Ascomycota;Sordariomycetes;Xylariales;Diatrypaceae;unclassified_Diatrypaceae_genus	0	26	5	0	4	17
Fungi;Ascomycota;Sordariomycetes;Xylariales;Other;Other	126	64	152	41	182	197
Fungi;Ascomycota;Sordariomycetes;Xylariales;Xylariaceae;Annulohypoxylon	0	6	0	1	1	19
Fungi;Ascomycota;Sordariomycetes;Xylariales;Xylariaceae;Biscogniauxia	4	3	1	3	21	6
Fungi;Ascomycota;Sordariomycetes;Xylariales;Xylariaceae;Daldinia	10	11	18	4	7	39
Fungi;Ascomycota;Sordariomycetes;Xylariales;Xylariaceae;Hypoxylon	8	12	7	6	5	33
Fungi;Ascomycota;Sordariomycetes;Xylariales;Xylariaceae;Nemania	8	0	1	0	7	1
Fungi;Ascomycota;Sordariomycetes;Xylariales;Xylariaceae;Nodulisporium	0	1	0	1	2	0
Fungi;Ascomycota;Sordariomycetes;Xylariales;Xylariaceae;Other	32	182	33	31	123	661
Fungi;Ascomycota;Sordariomycetes;Xylariales;Xylariaceae;Podosordaria	0	0	0	1	0	23
Fungi;Ascomycota;Sordariomycetes;Xylariales;Xylariaceae;Rosellinia	82	12	33	3	31	8
Fungi;Ascomycota;Sordariomycetes;Xylariales;Xylariaceae;Whalleya	0	3	0	0	3	4
Fungi;Ascomycota;Sordariomycetes;Xylariales;Xylariaceae;Xylaria	23	63	17	20	79	138
Fungi;Ascomycota;Sordariomycetes;Xylariales;Xylariaceae;unclassified_Xylariaceae_genus	1	6	4	0	11	7
Fungi;Ascomycota;Sordariomycetes;Xylariales;Xylariales_family_incertae_sedis;Dicyma	49	127	12	13	123	117
Fungi;Ascomycota;Sordariomycetes;Xylariales;Xylariales_family_incertae_sedis;Microdochium	45	162	53	76	189	155
Fungi;Ascomycota;Sordariomycetes;Xylariales;unclassified_Xylariales_family;unclassified_Xylariales_genus	3	9	0	0	5	8
Fungi;Ascomycota;Sordariomycetes;unclassified_Sordariomycetes_order;unclassified_Sordariomycetes_family;unclassified_Sordariomycetes_genus	213	288	147	145	567	670
Fungi;Ascomycota;Taphrinomycetes;Taphrinales;Protomycetaceae;Protomyces	0	5	6	0	3	0
Fungi;Ascomycota;Taphrinomycetes;Taphrinales;Taphrinaceae;Other	5	6	1	0	2	1
Fungi;Ascomycota;Taphrinomycetes;Taphrinales;Taphrinaceae;Taphrina	68	39	43	25	28	32
Fungi;Ascomycota;unclassified_Ascomycota_class;unclassified_Ascomycota_order;unclassified_Ascomycota_family;unclassified_Ascomycota_genus	2614	2238	2919	1499	2536	1443
Fungi;Basidiomycota;Agaricomycetes;Agaricales;Agaricaceae;Agaricus	34	72	311	6	810	784
Fungi;Basidiomycota;Agaricomycetes;Agaricales;Agaricaceae;Battarrea	8	14	20	9	1	16
Fungi;Basidiomycota;Agaricomycetes;Agaricales;Agaricaceae;Chlorophyllum	0	4	0	0	18	1
Fungi;Basidiomycota;Agaricomycetes;Agaricales;Agaricaceae;Coprinus	0	0	0	5	22	17
Fungi;Basidiomycota;Agaricomycetes;Agaricales;Agaricaceae;Cystolepiota	0	0	0	0	10	12
Fungi;Basidiomycota;Agaricomycetes;Agaricales;Agaricaceae;Lepiota	4	1	7	0	54	49
Fungi;Basidiomycota;Agaricomycetes;Agaricales;Agaricaceae;Leucoagaricus	0	8	0	0	42	67
Fungi;Basidiomycota;Agaricomycetes;Agaricales;Agaricaceae;Other	0	0	0	0	4	0
Fungi;Basidiomycota;Agaricomycetes;Agaricales;Agaricaceae;Tulostoma	4	17	71	45	7	29
Fungi;Basidiomycota;Agaricomycetes;Agaricales;Agaricaceae;unclassified_Agaricaceae_genus	0	0	0	0	1	3
Fungi;Basidiomycota;Agaricomycetes;Agaricales;Agaricales_family_incertae_sedis;Inocybe	0	53	1	1	23	72
Fungi;Basidiomycota;Agaricomycetes;Agaricales;Agaricales_family_incertae_sedis;Lentinula	0	0	0	0	11	23
Fungi;Basidiomycota;Agaricomycetes;Agaricales;Agaricales_family_incertae_sedis;Marasmiellus	0	2	0	0	2	20
Fungi;Basidiomycota;Agaricomycetes;Agaricales;Agaricales_family_incertae_sedis;Marasmius	3	62	9	9	188	1399
Fungi;Basidiomycota;Agaricomycetes;Agaricales;Agaricales_family_incertae_sedis;Moniliophthora	0	3	3	22	2	0
Fungi;Basidiomycota;Agaricomycetes;Agaricales;Agaricales_family_incertae_sedis;Tetrapyrgos	0	10	0	0	44	52
Fungi;Basidiomycota;Agaricomycetes;Agaricales;Amanitaceae;Amanita	0	4	1	0	15	11
Fungi;Basidiomycota;Agaricomycetes;Agaricales;Bolbitiaceae;Agrocybe	6	14	6	0	28	25
Fungi;Basidiomycota;Agaricomycetes;Agaricales;Bolbitiaceae;Conocybe	0	0	0	0	36	25
Fungi;Basidiomycota;Agaricomycetes;Agaricales;Bolbitiaceae;Panaeolus	1	8	1	10	114	23
Fungi;Basidiomycota;Agaricomycetes;Agaricales;Chromocyphellaceae;Phaeosolenia	0	0	0	0	5	0
Fungi;Basidiomycota;Agaricomycetes;Agaricales;Cortinariaceae;Cortinarius	2	62	0	7	62	86
Fungi;Basidiomycota;Agaricomycetes;Agaricales;Cortinariaceae;Gymnopilus	7	14	0	0	28	23
Fungi;Basidiomycota;Agaricomycetes;Agaricales;Cortinariaceae;Hebeloma	1	5	0	0	35	16
Fungi;Basidiomycota;Agaricomycetes;Agaricales;Cortinariaceae;Phaeocollybia	1	8	6	1	0	13
Fungi;Basidiomycota;Agaricomycetes;Agaricales;Crepidotaceae;Crepidotus	13	61	0	0	185	339
Fungi;Basidiomycota;Agaricomycetes;Agaricales;Entolomataceae;Clitopilus	5	14	6	4	121	260
Fungi;Basidiomycota;Agaricomycetes;Agaricales;Entolomataceae;Entoloma	0	7	5	0	11	19
Fungi;Basidiomycota;Agaricomycetes;Agaricales;Entolomataceae;Other	1	8	0	0	19	21
Fungi;Basidiomycota;Agaricomycetes;Agaricales;Entolomataceae;Rhodocybella	0	4	0	0	0	1
Fungi;Basidiomycota;Agaricomycetes;Agaricales;Hygrophoraceae;Hygrocybe	0	0	0	0	1	5
Fungi;Basidiomycota;Agaricomycetes;Agaricales;Hygrophoraceae;Hygrophorus	1	2	0	0	4	8
Fungi;Basidiomycota;Agaricomycetes;Agaricales;Lycoperdaceae;Bovista	1	1	0	3	0	5
Fungi;Basidiomycota;Agaricomycetes;Agaricales;Lycoperdaceae;Calvatia	8	25	2	9	2	10
Fungi;Basidiomycota;Agaricomycetes;Agaricales;Lycoperdaceae;Lycoperdon	1	4	0	0	6	22
Fungi;Basidiomycota;Agaricomycetes;Agaricales;Lycoperdaceae;Other	43	186	112	180	137	519
Fungi;Basidiomycota;Agaricomycetes;Agaricales;Lycoperdaceae;unclassified_Lycoperdaceae_genus	21	98	60	102	107	461
Fungi;Basidiomycota;Agaricomycetes;Agaricales;Lyophyllaceae;Hypsizygus	0	5	5	1	305	95
Fungi;Basidiomycota;Agaricomycetes;Agaricales;Lyophyllaceae;Lyophyllum	2	7	0	0	10	18
Fungi;Basidiomycota;Agaricomycetes;Agaricales;Lyophyllaceae;Tephrocybe	0	0	0	0	0	6
Fungi;Basidiomycota;Agaricomycetes;Agaricales;Mycenastraceae;Mycenastrum	5	9	1	3	281	71
Fungi;Basidiomycota;Agaricomycetes;Agaricales;Nidulariaceae;Cyathus	0	0	1	4	0	0
Fungi;Basidiomycota;Agaricomycetes;Agaricales;Other;Other	13	33	8	14	71	129
Fungi;Basidiomycota;Agaricomycetes;Agaricales;Physalacriaceae;Armillaria	0	19	0	0	29	31
Fungi;Basidiomycota;Agaricomycetes;Agaricales;Physalacriaceae;Flammulina	5	9	2	1	36	31
Fungi;Basidiomycota;Agaricomycetes;Agaricales;Physalacriaceae;Gloiocephala	0	0	0	0	0	10
Fungi;Basidiomycota;Agaricomycetes;Agaricales;Physalacriaceae;Oudemansiella	3	3	11	11	72	32
Fungi;Basidiomycota;Agaricomycetes;Agaricales;Physalacriaceae;Strobilurus	0	51	29	62	4	10
Fungi;Basidiomycota;Agaricomycetes;Agaricales;Pleurotaceae;Nematoctonus	1	3	4	0	533	202
Fungi;Basidiomycota;Agaricomycetes;Agaricales;Pleurotaceae;Other	0	1	0	0	12	2
Fungi;Basidiomycota;Agaricomycetes;Agaricales;Pleurotaceae;Pleurotus	423	205	2893	128	520	171
Fungi;Basidiomycota;Agaricomycetes;Agaricales;Pleurotaceae;unclassified_Pleurotaceae_genus	1	1	0	0	56	114
Fungi;Basidiomycota;Agaricomycetes;Agaricales;Pluteaceae;Other	0	0	0	0	4	0
Fungi;Basidiomycota;Agaricomycetes;Agaricales;Pluteaceae;Pluteus	8	25	9	13	37	95
Fungi;Basidiomycota;Agaricomycetes;Agaricales;Psathyrellaceae;Coprinellus	5221	1849	19088	662	58800	12909
Fungi;Basidiomycota;Agaricomycetes;Agaricales;Psathyrellaceae;Coprinopsis	691	157	1315	83	1616	1014
Fungi;Basidiomycota;Agaricomycetes;Agaricales;Psathyrellaceae;Other	10	5	9	2	581	157
Fungi;Basidiomycota;Agaricomycetes;Agaricales;Psathyrellaceae;Psathyrella	36	87	81	21	1522	2158
Fungi;Basidiomycota;Agaricomycetes;Agaricales;Psathyrellaceae;unclassified_Psathyrellaceae_genus	9	7	0	0	49	17
Fungi;Basidiomycota;Agaricomycetes;Agaricales;Schizophyllaceae;Chondrostereum	0	0	1	0	3	1
Fungi;Basidiomycota;Agaricomycetes;Agaricales;Schizophyllaceae;Lenzites	0	5	2	1	0	14
Fungi;Basidiomycota;Agaricomycetes;Agaricales;Schizophyllaceae;Porotheleum	0	0	0	0	2	14
Fungi;Basidiomycota;Agaricomycetes;Agaricales;Schizophyllaceae;Schizophyllum	10	26	25	0	643	247
Fungi;Basidiomycota;Agaricomycetes;Agaricales;Strophariaceae;Galerina	1	7	0	0	6	31
Fungi;Basidiomycota;Agaricomycetes;Agaricales;Strophariaceae;Hypholoma	30	107	8	14	324	703
Fungi;Basidiomycota;Agaricomycetes;Agaricales;Strophariaceae;Other	0	1	0	0	15	16
Fungi;Basidiomycota;Agaricomycetes;Agaricales;Strophariaceae;Pholiota	10	59	6	1	207	287
Fungi;Basidiomycota;Agaricomycetes;Agaricales;Strophariaceae;Pleuroflammula	0	1	0	0	0	3
Fungi;Basidiomycota;Agaricomycetes;Agaricales;Strophariaceae;Psilocybe	9	50	1	0	32	44
Fungi;Basidiomycota;Agaricomycetes;Agaricales;Strophariaceae;Stropharia	0	14	3	0	38	58
Fungi;Basidiomycota;Agaricomycetes;Agaricales;Strophariaceae;Tubaria	0	3	0	0	21	34
Fungi;Basidiomycota;Agaricomycetes;Agaricales;Tricholomataceae;Calyptella	0	4	2	1	147	232
Fungi;Basidiomycota;Agaricomycetes;Agaricales;Tricholomataceae;Clitocybe	0	0	0	0	0	5
Fungi;Basidiomycota;Agaricomycetes;Agaricales;Tricholomataceae;Collybia	0	30	1	4	20	49
Fungi;Basidiomycota;Agaricomycetes;Agaricales;Tricholomataceae;Gymnopus	7	35	17	4	183	599
Fungi;Basidiomycota;Agaricomycetes;Agaricales;Tricholomataceae;Hemimycena	0	0	0	0	2	7
Fungi;Basidiomycota;Agaricomycetes;Agaricales;Tricholomataceae;Hydropus	0	0	0	0	1	12
Fungi;Basidiomycota;Agaricomycetes;Agaricales;Tricholomataceae;Laccaria	0	0	0	0	7	2
Fungi;Basidiomycota;Agaricomycetes;Agaricales;Tricholomataceae;Lachnella	0	0	0	0	5	0
Fungi;Basidiomycota;Agaricomycetes;Agaricales;Tricholomataceae;Lepista	5	25	6	2	410	315
Fungi;Basidiomycota;Agaricomycetes;Agaricales;Tricholomataceae;Mycena	2	107	10	1	179	794
Fungi;Basidiomycota;Agaricomycetes;Agaricales;Tricholomataceae;Omphalina	0	5	0	0	0	0
Fungi;Basidiomycota;Agaricomycetes;Agaricales;Tricholomataceae;Other	0	11	1	0	46	223
Fungi;Basidiomycota;Agaricomycetes;Agaricales;Tricholomataceae;Rhodocollybia	0	40	1	0	39	94
Fungi;Basidiomycota;Agaricomycetes;Agaricales;Tricholomataceae;Tricholoma	7	19	1	0	67	208
Fungi;Basidiomycota;Agaricomycetes;Agaricales;Tricholomataceae;Xeromphalina	0	38	2	11	49	176
Fungi;Basidiomycota;Agaricomycetes;Agaricales;Tricholomataceae;unclassified_Tricholomataceae_genus	0	5	0	0	1	1
Fungi;Basidiomycota;Agaricomycetes;Agaricales;unclassified_Agaricales_family;unclassified_Agaricales_genus	0	0	0	0	4	7
Fungi;Basidiomycota;Agaricomycetes;Agaricomycetes_order_incertae_sedis;Agaricomycetes_family_incertae_sedis;Amylocorticium	0	10	0	1	2	0
Fungi;Basidiomycota;Agaricomycetes;Agaricomycetes_order_incertae_sedis;Agaricomycetes_family_incertae_sedis;Gloeophyllum	113	116	226	13	950	661
Fungi;Basidiomycota;Agaricomycetes;Agaricomycetes_order_incertae_sedis;Agaricomycetes_family_incertae_sedis;Trechispora	1	29	0	3	6	66
Fungi;Basidiomycota;Agaricomycetes;Agaricomycetes_order_incertae_sedis;Atheliaceae;Athelia	3	55	12	20	146	179
Fungi;Basidiomycota;Agaricomycetes;Agaricomycetes_order_incertae_sedis;Atheliaceae;Other	0	2	2	1	12	27
Fungi;Basidiomycota;Agaricomycetes;Agaricomycetes_order_incertae_sedis;Atheliaceae;Piloderma	3	42	4	4	5	81
Fungi;Basidiomycota;Agaricomycetes;Agaricomycetes_order_incertae_sedis;Atheliaceae;unclassified_Atheliaceae_genus	0	3	0	0	1	21
Fungi;Basidiomycota;Agaricomycetes;Agaricomycetes_order_incertae_sedis;Bondarzewiaceae;Heterobasidion	211	2592	142	1341	59	733
Fungi;Basidiomycota;Agaricomycetes;Agaricomycetes_order_incertae_sedis;Corticiaceae;Corticium	0	0	1	0	2	4
Fungi;Basidiomycota;Agaricomycetes;Agaricomycetes_order_incertae_sedis;Corticiaceae;Cylindrobasidium	177	37	678	1	3839	725
Fungi;Basidiomycota;Agaricomycetes;Agaricomycetes_order_incertae_sedis;Corticiaceae;Cystidiodontia	51	23	25	5	116	151
Fungi;Basidiomycota;Agaricomycetes;Agaricomycetes_order_incertae_sedis;Corticiaceae;Entomocorticium	266	2786	1157	63	5376	26099
Fungi;Basidiomycota;Agaricomycetes;Agaricomycetes_order_incertae_sedis;Corticiaceae;Erythricium	0	0	0	0	1	4
Fungi;Basidiomycota;Agaricomycetes;Agaricomycetes_order_incertae_sedis;Corticiaceae;Gloeohypochnicium	0	0	3	0	6	0
Fungi;Basidiomycota;Agaricomycetes;Agaricomycetes_order_incertae_sedis;Corticiaceae;Hyphoderma	8	15	14	2	365	227
Fungi;Basidiomycota;Agaricomycetes;Agaricomycetes_order_incertae_sedis;Corticiaceae;Hyphodontia	189	1929	112	280	1252	8006
Fungi;Basidiomycota;Agaricomycetes;Agaricomycetes_order_incertae_sedis;Corticiaceae;Hypochnicium	4	4	0	0	5	14
Fungi;Basidiomycota;Agaricomycetes;Agaricomycetes_order_incertae_sedis;Corticiaceae;Laetisaria	0	0	0	0	0	17
Fungi;Basidiomycota;Agaricomycetes;Agaricomycetes_order_incertae_sedis;Corticiaceae;Limonomyces	1	2	3	0	64	40
Fungi;Basidiomycota;Agaricomycetes;Agaricomycetes_order_incertae_sedis;Corticiaceae;Other	46	454	51	84	329	1456
Fungi;Basidiomycota;Agaricomycetes;Agaricomycetes_order_incertae_sedis;Corticiaceae;Phanerochaete	50	133	44	19	169	424
Fungi;Basidiomycota;Agaricomycetes;Agaricomycetes_order_incertae_sedis;Corticiaceae;Phlebia	18	137	17	17	146	1259
Fungi;Basidiomycota;Agaricomycetes;Agaricomycetes_order_incertae_sedis;Corticiaceae;Sistotrema	14	12	2	0	15	64
Fungi;Basidiomycota;Agaricomycetes;Agaricomycetes_order_incertae_sedis;Corticiaceae;Tubulicrinis	19	171	2	16	8	58
Fungi;Basidiomycota;Agaricomycetes;Agaricomycetes_order_incertae_sedis;Corticiaceae;unclassified_Corticiaceae_genus	17	147	35	51	559	776
Fungi;Basidiomycota;Agaricomycetes;Agaricomycetes_order_incertae_sedis;Hericiaceae;Hericium	0	0	0	2	10	81
Fungi;Basidiomycota;Agaricomycetes;Agaricomycetes_order_incertae_sedis;Meruliaceae;Bjerkandera	1235	392	840	68	4161	1021
Fungi;Basidiomycota;Agaricomycetes;Agaricomycetes_order_incertae_sedis;Meruliaceae;Ceriporiopsis	2	49	0	0	28	373
Fungi;Basidiomycota;Agaricomycetes;Agaricomycetes_order_incertae_sedis;Meruliaceae;Gloeoporus	0	5	0	0	12	20
Fungi;Basidiomycota;Agaricomycetes;Agaricomycetes_order_incertae_sedis;Meruliaceae;Other	2	3	0	0	7	6
Fungi;Basidiomycota;Agaricomycetes;Agaricomycetes_order_incertae_sedis;Other;Other	25	76	19	13	131	491
Fungi;Basidiomycota;Agaricomycetes;Agaricomycetes_order_incertae_sedis;Peniophoraceae;Other	3	7	6	2	14	34
Fungi;Basidiomycota;Agaricomycetes;Agaricomycetes_order_incertae_sedis;Peniophoraceae;Peniophora	102	174	173	7	457	426
Fungi;Basidiomycota;Agaricomycetes;Agaricomycetes_order_incertae_sedis;Punctulariaceae;Punctularia	92	512	65	204	16	76
Fungi;Basidiomycota;Agaricomycetes;Agaricomycetes_order_incertae_sedis;Punctulariaceae;Punctulariopsis	0	0	0	0	3	2
Fungi;Basidiomycota;Agaricomycetes;Agaricomycetes_order_incertae_sedis;Russulaceae;unclassified_Russulaceae_genus	29	83	237	0	3506	498
Fungi;Basidiomycota;Agaricomycetes;Agaricomycetes_order_incertae_sedis;Stereaceae;Amylostereum	9	144	3	23	1	175
Fungi;Basidiomycota;Agaricomycetes;Agaricomycetes_order_incertae_sedis;Stereaceae;Stereum	79	279	76	19	140	583
Fungi;Basidiomycota;Agaricomycetes;Agaricomycetes_order_incertae_sedis;Vuilleminiaceae;Vuilleminia	0	0	0	0	7	123
Fungi;Basidiomycota;Agaricomycetes;Auriculariales;Auriculariaceae;Auricularia	0	36	23	0	324	1078
Fungi;Basidiomycota;Agaricomycetes;Auriculariales;Auriculariales_family_incertae_sedis;Heterochaetella	0	5	0	0	2	7
Fungi;Basidiomycota;Agaricomycetes;Auriculariales;Exidiaceae;Ductifera	0	0	0	0	5	35
Fungi;Basidiomycota;Agaricomycetes;Auriculariales;Exidiaceae;Exidia	86	134	108	13	1721	3791
Fungi;Basidiomycota;Agaricomycetes;Auriculariales;Exidiaceae;Exidiopsis	0	11	2	0	2	23
Fungi;Basidiomycota;Agaricomycetes;Auriculariales;Exidiaceae;Other	12	14	6	1	152	70
Fungi;Basidiomycota;Agaricomycetes;Auriculariales;Hyaloriaceae;Myxarium	2	10	6	0	72	76
Fungi;Basidiomycota;Agaricomycetes;Auriculariales;Hyaloriaceae;Protodontia	0	8	1	2	0	3
Fungi;Basidiomycota;Agaricomycetes;Auriculariales;Hyaloriaceae;Pseudohydnum	0	0	0	0	1	3
Fungi;Basidiomycota;Agaricomycetes;Auriculariales;Other;Other	0	0	0	0	6	3
Fungi;Basidiomycota;Agaricomycetes;Boletales;Boletaceae;Chalciporus	0	2	0	0	4	0
Fungi;Basidiomycota;Agaricomycetes;Boletales;Boletaceae;Other	0	0	0	0	0	5
Fungi;Basidiomycota;Agaricomycetes;Boletales;Boletales_family_incertae_sedis;Hygrophoropsis	0	0	2	0	2	5
Fungi;Basidiomycota;Agaricomycetes;Boletales;Boletales_family_incertae_sedis;Leucogyrophana	61	23	48	17	79	71
Fungi;Basidiomycota;Agaricomycetes;Boletales;Boletales_family_incertae_sedis;Serpula	5	14	1	9	9	46
Fungi;Basidiomycota;Agaricomycetes;Boletales;Coniophoraceae;Coniophora	14	7	28	1	144	78
Fungi;Basidiomycota;Agaricomycetes;Boletales;Coniophoraceae;Meruliporia	0	0	0	0	0	4
Fungi;Basidiomycota;Agaricomycetes;Boletales;Melanogastraceae;Alpova	0	2	0	0	16	1
Fungi;Basidiomycota;Agaricomycetes;Boletales;Sclerodermataceae;Scleroderma	0	7	0	1	1	5
Fungi;Basidiomycota;Agaricomycetes;Boletales;Suillaceae;Suillus	12	47	9	8	37	42
Fungi;Basidiomycota;Agaricomycetes;Boletales;Tapinellaceae;Tapinella	9	11	1	1	52	90
Fungi;Basidiomycota;Agaricomycetes;Cantharellales;Botryobasidiaceae;Botryobasidium	9	30	10	15	44	222
Fungi;Basidiomycota;Agaricomycetes;Cantharellales;Ceratobasidiaceae;Ceratobasidium	0	34	12	9	463	829
Fungi;Basidiomycota;Agaricomycetes;Cantharellales;Ceratobasidiaceae;Heteroacanthella	0	0	0	0	0	4
Fungi;Basidiomycota;Agaricomycetes;Cantharellales;Ceratobasidiaceae;Other	0	3	2	7	33	153
Fungi;Basidiomycota;Agaricomycetes;Cantharellales;Ceratobasidiaceae;Thanatephorus	2	11	4	13	43	94
Fungi;Basidiomycota;Agaricomycetes;Cantharellales;Ceratobasidiaceae;Waitea	0	8	2	0	136	61
Fungi;Basidiomycota;Agaricomycetes;Cantharellales;Ceratobasidiaceae;unclassified_Ceratobasidiaceae_genus	0	1	3	0	19	13
Fungi;Basidiomycota;Agaricomycetes;Geastrales;Geastraceae;Geastrum	18	39	71	89	61	370
Fungi;Basidiomycota;Agaricomycetes;Geastrales;Geastraceae;Myriostoma	9	7	3	14	1	45
Fungi;Basidiomycota;Agaricomycetes;Hymenochaetales;Hymenochaetaceae;Fomitiporella	0	1	0	6	0	3
Fungi;Basidiomycota;Agaricomycetes;Hymenochaetales;Hymenochaetaceae;Fomitiporia	0	0	0	0	0	13
Fungi;Basidiomycota;Agaricomycetes;Hymenochaetales;Hymenochaetaceae;Fuscoporia	7	11	13	2	85	116
Fungi;Basidiomycota;Agaricomycetes;Hymenochaetales;Hymenochaetaceae;Hymenochaete	1	27	0	1	8	230
Fungi;Basidiomycota;Agaricomycetes;Hymenochaetales;Hymenochaetaceae;Inocutis	0	17	0	0	14	101
Fungi;Basidiomycota;Agaricomycetes;Hymenochaetales;Hymenochaetaceae;Inonotus	17	6	53	0	358	12
Fungi;Basidiomycota;Agaricomycetes;Hymenochaetales;Hymenochaetaceae;Other	1	20	0	1	11	87
Fungi;Basidiomycota;Agaricomycetes;Hymenochaetales;Hymenochaetaceae;Phaeolus	0	3	0	0	2	3
Fungi;Basidiomycota;Agaricomycetes;Hymenochaetales;Hymenochaetaceae;Pseudoinonotus	0	6	0	0	0	0
Fungi;Basidiomycota;Agaricomycetes;Hymenochaetales;Hymenochaetales_family_incertae_sedis;Resinicium	14	159	7	48	9	189
Fungi;Basidiomycota;Agaricomycetes;Hymenochaetales;unclassified_Hymenochaetales_family;unclassified_Hymenochaetales_genus	3	5	5	2	0	3
Fungi;Basidiomycota;Agaricomycetes;Other;Other;Other	492	668	512	86	5591	5170
Fungi;Basidiomycota;Agaricomycetes;Polyporales;Auriscalpiaceae;Lentinellus	0	6	0	1	2	29
Fungi;Basidiomycota;Agaricomycetes;Polyporales;Ganodermataceae;Ganoderma	272	478	546	311	412	520
Fungi;Basidiomycota;Agaricomycetes;Polyporales;Lachnocladiaceae;Asterostroma	0	6	0	0	6	54
Fungi;Basidiomycota;Agaricomycetes;Polyporales;Lachnocladiaceae;Scytinostroma	2	10	4	0	1	35
Fungi;Basidiomycota;Agaricomycetes;Polyporales;Lachnocladiaceae;unclassified_Lachnocladiaceae_genus	0	7	0	0	0	12
Fungi;Basidiomycota;Agaricomycetes;Polyporales;Lentinaceae;Lentinus	0	0	0	0	10	11
Fungi;Basidiomycota;Agaricomycetes;Polyporales;Other;Other	25	76	29	21	249	368
Fungi;Basidiomycota;Agaricomycetes;Polyporales;Polyporaceae;Bridgeoporus	0	23	0	0	0	6
Fungi;Basidiomycota;Agaricomycetes;Polyporales;Polyporaceae;Heliocybe	0	0	0	0	0	14
Fungi;Basidiomycota;Agaricomycetes;Polyporales;Polyporaceae;Other	0	0	0	0	12	1
Fungi;Basidiomycota;Agaricomycetes;Polyporales;Polyporaceae;Perenniporia	3	34	3	7	0	18
Fungi;Basidiomycota;Agaricomycetes;Polyporales;Polyporaceae;Physisporinus	1	15	3	2	25	51
Fungi;Basidiomycota;Agaricomycetes;Polyporales;Polyporaceae;Polyporus	14	35	12	14	173	332
Fungi;Basidiomycota;Agaricomycetes;Polyporales;Polyporaceae;Trichaptum	0	10	0	0	16	32
Fungi;Basidiomycota;Agaricomycetes;Polyporales;Polyporaceae;unclassified_Polyporaceae_genus	40	78	28	33	180	402
Fungi;Basidiomycota;Agaricomycetes;Polyporales;Polyporales_family_incertae_sedis;Antrodia	11	141	12	75	71	482
Fungi;Basidiomycota;Agaricomycetes;Polyporales;Polyporales_family_incertae_sedis;Antrodiella	0	4	0	4	2	2
Fungi;Basidiomycota;Agaricomycetes;Polyporales;Polyporales_family_incertae_sedis;Auriporia	0	2	0	0	0	3
Fungi;Basidiomycota;Agaricomycetes;Polyporales;Polyporales_family_incertae_sedis;Ceriporia	0	3	0	1	0	48
Fungi;Basidiomycota;Agaricomycetes;Polyporales;Polyporales_family_incertae_sedis;Coriolopsis	7	23	19	4	147	92
Fungi;Basidiomycota;Agaricomycetes;Polyporales;Polyporales_family_incertae_sedis;Fomitopsis	3	11	10	18	1	8
Fungi;Basidiomycota;Agaricomycetes;Polyporales;Polyporales_family_incertae_sedis;Laetiporus	1	0	0	0	10	1
Fungi;Basidiomycota;Agaricomycetes;Polyporales;Polyporales_family_incertae_sedis;Oligoporus	0	11	0	3	12	56
Fungi;Basidiomycota;Agaricomycetes;Polyporales;Polyporales_family_incertae_sedis;Other	400	2596	1146	3753	576	2853
Fungi;Basidiomycota;Agaricomycetes;Polyporales;Polyporales_family_incertae_sedis;Oxyporus	41	9	31	1	65	250
Fungi;Basidiomycota;Agaricomycetes;Polyporales;Polyporales_family_incertae_sedis;Phlebiopsis	6	2	8	3	20	14
Fungi;Basidiomycota;Agaricomycetes;Polyporales;Polyporales_family_incertae_sedis;Postia	1	0	4	0	0	8
Fungi;Basidiomycota;Agaricomycetes;Polyporales;Polyporales_family_incertae_sedis;Steccherinum	8	46	0	3	23	173
Fungi;Basidiomycota;Agaricomycetes;Polyporales;Polyporales_family_incertae_sedis;Tinctoporellus	0	0	0	0	4	7
Fungi;Basidiomycota;Agaricomycetes;Polyporales;Polyporales_family_incertae_sedis;Trametes	83	231	79	26	1379	252
Fungi;Basidiomycota;Agaricomycetes;Polyporales;Polyporales_family_incertae_sedis;Tyromyces	0	0	1	0	4	7
Fungi;Basidiomycota;Agaricomycetes;Polyporales;Polyporales_family_incertae_sedis;Wolfiporia	0	0	2	2	0	0
Fungi;Basidiomycota;Agaricomycetes;Polyporales;Pterulaceae;unclassified_Pterulaceae_genus	9	99	17	39	17	147
Fungi;Basidiomycota;Agaricomycetes;Polyporales;unclassified_Polyporales_family;unclassified_Polyporales_genus	10	67	7	51	24	100
Fungi;Basidiomycota;Agaricomycetes;Sebacinales;Sebacinaceae;Efibulobasidium	0	0	0	4	1	5
Fungi;Basidiomycota;Agaricomycetes;Sebacinales;Sebacinaceae;Sebacina	0	0	0	0	7	7
Fungi;Basidiomycota;Agaricomycetes;Thelephorales;Bankeraceae;Boletopsis	0	0	0	0	0	4
Fungi;Basidiomycota;Agaricomycetes;Thelephorales;Thelephoraceae;Other	0	0	3	0	0	1
Fungi;Basidiomycota;Agaricomycetes;Thelephorales;Thelephoraceae;Thelephora	1	4	2	0	2	29
Fungi;Basidiomycota;Agaricomycetes;Thelephorales;Thelephoraceae;Tomentella	2	17	4	19	8	52
Fungi;Basidiomycota;Agaricomycetes;Thelephorales;Thelephoraceae;Tomentellopsis	0	7	4	4	2	7
Fungi;Basidiomycota;Agaricomycetes;Thelephorales;Thelephoraceae;unclassified_Thelephoraceae_genus	5	5	7	2	4	39
Fungi;Basidiomycota;Agaricomycetes;Thelephorales;Typhulaceae;Typhula	0	1	0	0	34	71
Fungi;Basidiomycota;Agaricomycetes;unclassified_Agaricomycetes_order;unclassified_Agaricomycetes_family;unclassified_Agaricomycetes_genus	17	32	7	15	10	94
Fungi;Basidiomycota;Agaricostilbomycetes;Agaricostilbomycetes_order_incertae_sedis;Agaricostilbomycetes_family_incertae_sedis;Bensingtonia	41	36	30	10	126	138
Fungi;Basidiomycota;Agaricostilbomycetes;Agaricostilbomycetes_order_incertae_sedis;Agaricostilbomycetes_family_incertae_sedis;Kondoa	6	3	5	0	88	16
Fungi;Basidiomycota;Agaricostilbomycetes;Agaricostilbomycetes_order_incertae_sedis;Agaricostilbomycetes_family_incertae_sedis;Other	53	5	55	0	143	1
Fungi;Basidiomycota;Agaricostilbomycetes;Agaricostilbomycetes_order_incertae_sedis;Agaricostilbomycetes_family_incertae_sedis;Sporobolomyces	0	0	0	0	4	0
Fungi;Basidiomycota;Agaricostilbomycetes;Agaricostilbomycetes_order_incertae_sedis;Agaricostilbomycetes_family_incertae_sedis;Sterigmatomyces	10	1	0	0	3	0
Fungi;Basidiomycota;Basidiomycota_class_incertae_sedis;Basidiomycota_order_incertae_sedis;Basidiomycota_family_incertae_sedis;Curvibasidium	0	16	18	13	3	24
Fungi;Basidiomycota;Basidiomycota_class_incertae_sedis;Basidiomycota_order_incertae_sedis;Basidiomycota_family_incertae_sedis;Erythrobasidium	0	0	2	2	1	0
Fungi;Basidiomycota;Basidiomycota_class_incertae_sedis;Basidiomycota_order_incertae_sedis;Basidiomycota_family_incertae_sedis;Helicobasidium	0	1	3	8	1	2
Fungi;Basidiomycota;Basidiomycota_class_incertae_sedis;Basidiomycota_order_incertae_sedis;Basidiomycota_family_incertae_sedis;Marchandiomyces	0	1	0	0	22	19
Fungi;Basidiomycota;Basidiomycota_class_incertae_sedis;Basidiomycota_order_incertae_sedis;Basidiomycota_family_incertae_sedis;Occultifur	7	5	4	3	7	7
Fungi;Basidiomycota;Basidiomycota_class_incertae_sedis;Basidiomycota_order_incertae_sedis;Basidiomycota_family_incertae_sedis;Other	62	70	58	49	56	51
Fungi;Basidiomycota;Basidiomycota_class_incertae_sedis;Basidiomycota_order_incertae_sedis;Basidiomycota_family_incertae_sedis;Rhizoctonia	0	5	1	0	55	91
Fungi;Basidiomycota;Basidiomycota_class_incertae_sedis;Basidiomycota_order_incertae_sedis;Basidiomycota_family_incertae_sedis;Rhodotorula	127	142	82	123	99	181
Fungi;Basidiomycota;Basidiomycota_class_incertae_sedis;Basidiomycota_order_incertae_sedis;Basidiomycota_family_incertae_sedis;Sporobolomyces	206	227	295	116	1084	274
Fungi;Basidiomycota;Basidiomycota_class_incertae_sedis;Basidiomycota_order_incertae_sedis;Basidiomycota_family_incertae_sedis;Wallemia	158	224	80	81	76	113
Fungi;Basidiomycota;Basidiomycota_class_incertae_sedis;Entylomatales;Entylomataceae;Entyloma	32	23	63	1	222	86
Fungi;Basidiomycota;Basidiomycota_class_incertae_sedis;Entylomatales;Entylomataceae;Tilletiopsis	12	4	13	0	85	21
Fungi;Basidiomycota;Basidiomycota_class_incertae_sedis;Entylomatales;unclassified_Entylomatales_family;unclassified_Entylomatales_genus	140	75	180	4	513	34
Fungi;Basidiomycota;Basidiomycota_class_incertae_sedis;Georgefischeriales;Tilletiariaceae;Tilletiopsis	0	0	0	0	4	0
Fungi;Basidiomycota;Basidiomycota_class_incertae_sedis;Leucosporidiales;Leucosporidiales_family_incertae_sedis;Leucosporidiella	6	16	12	5	0	5
Fungi;Basidiomycota;Basidiomycota_class_incertae_sedis;Leucosporidiales;unclassified_Leucosporidiales_family;unclassified_Leucosporidiales_genus	0	2	1	1	2	0
Fungi;Basidiomycota;Basidiomycota_class_incertae_sedis;Malasseziales;Malasseziales_family_incertae_sedis;Malassezia	2	11	6	0	35	5
Fungi;Basidiomycota;Basidiomycota_class_incertae_sedis;Microbotryales;Microbotryaceae;Microbotryum	3	2	4	0	0	0
Fungi;Basidiomycota;Basidiomycota_class_incertae_sedis;Microstromatales;Microstromatales_family_incertae_sedis;Sympodiomycopsis	4	0	18	0	0	0
Fungi;Basidiomycota;Basidiomycota_class_incertae_sedis;Other;Other;Other	4	2	2	0	7	2
Fungi;Basidiomycota;Basidiomycota_class_incertae_sedis;Pucciniales;Cronartiaceae;Cronartium	0	3	2	17	7	6
Fungi;Basidiomycota;Basidiomycota_class_incertae_sedis;Pucciniales;Melampsoraceae;Melampsora	148	15	22	3	130	11
Fungi;Basidiomycota;Basidiomycota_class_incertae_sedis;Pucciniales;Other;Other	61	41	0	3	0	3
Fungi;Basidiomycota;Basidiomycota_class_incertae_sedis;Pucciniales;Pucciniaceae;Puccinia	165	86	56	16	112	7
Fungi;Basidiomycota;Basidiomycota_class_incertae_sedis;Pucciniales;Pucciniaceae;Uromyces	9	8	1	1	0	3
Fungi;Basidiomycota;Basidiomycota_class_incertae_sedis;Pucciniales;Pucciniastraceae;Melampsoridium	70	41	3	3	0	0
Fungi;Basidiomycota;Basidiomycota_class_incertae_sedis;Pucciniales;Pucciniastraceae;Pucciniastrum	2	14	13	0	13	0
Fungi;Basidiomycota;Basidiomycota_class_incertae_sedis;Septobasidiales;Septobasidiaceae;Septobasidium	3	3	4	6	7	13
Fungi;Basidiomycota;Basidiomycota_class_incertae_sedis;Sporidiobolales;Other;Other	63	33	32	43	24	22
Fungi;Basidiomycota;Basidiomycota_class_incertae_sedis;Sporidiobolales;Sporidiobolales_family_incertae_sedis;Other	44	92	105	35	87	48
Fungi;Basidiomycota;Basidiomycota_class_incertae_sedis;Sporidiobolales;Sporidiobolales_family_incertae_sedis;Rhodotorula	37	44	20	27	13	17
Fungi;Basidiomycota;Basidiomycota_class_incertae_sedis;Sporidiobolales;Sporidiobolales_family_incertae_sedis;Sporidiobolus	0	0	0	3	1	2
Fungi;Basidiomycota;Basidiomycota_class_incertae_sedis;Sporidiobolales;Sporidiobolales_family_incertae_sedis;Sporobolomyces	715	261	2370	34	1069	61
Fungi;Basidiomycota;Other;Other;Other;Other	20	49	83	12	5047	746
Fungi;Basidiomycota;Tremellomycetes;Cystofilobasidiales;Cystofilobasidiaceae;Cystofilobasidium	118	86	89	57	13	17
Fungi;Basidiomycota;Tremellomycetes;Cystofilobasidiales;Cystofilobasidiaceae;Xanthophyllomyces	20	0	0	0	0	0
Fungi;Basidiomycota;Tremellomycetes;Cystofilobasidiales;Cystofilobasidiales_family_incertae_sedis;Cryptococcus	0	0	0	0	0	4
Fungi;Basidiomycota;Tremellomycetes;Cystofilobasidiales;Cystofilobasidiales_family_incertae_sedis;Guehomyces	1	1	6	16	0	2
Fungi;Basidiomycota;Tremellomycetes;Cystofilobasidiales;Cystofilobasidiales_family_incertae_sedis;Udeniomyces	1443	443	3136	101	1444	197
Fungi;Basidiomycota;Tremellomycetes;Filobasidiales;Filobasidiales_family_incertae_sedis;Cryptococcus	2502	2022	1530	1330	1216	844
Fungi;Basidiomycota;Tremellomycetes;Other;Other;Other	46	72	26	32	13	21
Fungi;Basidiomycota;Tremellomycetes;Tremellales;Other;Other	15	27	25	17	44	42
Fungi;Basidiomycota;Tremellomycetes;Tremellales;Sirobasidiaceae;Fibulobasidium	0	0	0	0	1	7
Fungi;Basidiomycota;Tremellomycetes;Tremellales;Tremellaceae;Bulleromyces	18	22	60	14	19	3
Fungi;Basidiomycota;Tremellomycetes;Tremellales;Tremellaceae;Filobasidiella	1	2	4	0	0	2
Fungi;Basidiomycota;Tremellomycetes;Tremellales;Tremellaceae;Other	0	3	0	0	0	3
Fungi;Basidiomycota;Tremellomycetes;Tremellales;Tremellaceae;Tremella	23	33	22	15	3	45
Fungi;Basidiomycota;Tremellomycetes;Tremellales;Tremellales_family_incertae_sedis;Bullera	0	11	9	0	6	33
Fungi;Basidiomycota;Tremellomycetes;Tremellales;Tremellales_family_incertae_sedis;Cryptococcus	1098	1041	1313	726	492	428
Fungi;Basidiomycota;Tremellomycetes;Tremellales;Tremellales_family_incertae_sedis;Dioszegia	136	237	239	82	129	100
Fungi;Basidiomycota;Tremellomycetes;Tremellales;Tremellales_family_incertae_sedis;Fellomyces	6	1	0	0	7	0
Fungi;Basidiomycota;Tremellomycetes;Tremellales;Tremellales_family_incertae_sedis;Other	59	88	90	84	71	59
Fungi;Basidiomycota;Tremellomycetes;Tremellales;Tremellales_family_incertae_sedis;Trichosporon	53	20	39	26	17	9
Fungi;Basidiomycota;Tremellomycetes;Tremellales;unclassified_Tremellales_family;unclassified_Tremellales_genus	547	881	1081	289	1191	304
Fungi;Basidiomycota;Ustilaginomycetes;Urocystales;Urocystidaceae;Mundkurella	0	0	5	0	0	0
Fungi;Basidiomycota;Ustilaginomycetes;Ustilaginales;Ustilaginaceae;Other	114	109	270	126	8	41
Fungi;Basidiomycota;Ustilaginomycetes;Ustilaginales;Ustilaginaceae;Pseudozyma	204	317	175	99	181	119
Fungi;Basidiomycota;Ustilaginomycetes;Ustilaginales;Ustilaginaceae;Sporisorium	37	132	5	20	6	8
Fungi;Basidiomycota;Ustilaginomycetes;Ustilaginales;Ustilaginaceae;Tranzscheliella	8	8	0	7	2	10
Fungi;Basidiomycota;Ustilaginomycetes;Ustilaginales;Ustilaginaceae;Ustilago	625	236	253	204	30	55
Fungi;Basidiomycota;Ustilaginomycetes;Ustilaginales;Ustilaginales_family_incertae_sedis;Rhodotorula	3	12	0	0	0	7
Fungi;Basidiomycota;unclassified_Basidiomycota_class;unclassified_Basidiomycota_order;unclassified_Basidiomycota_family;unclassified_Basidiomycota_genus	318	82	188	26	823	615
Fungi;Chytridiomycota;Chytridiomycota_class_incertae_sedis;Chytridiales;Synchytriaceae;Synchytrium	0	0	0	0	7	0
Fungi;Chytridiomycota;Chytridiomycota_class_incertae_sedis;Spizellomycetales;Spizellomycetaceae;Kochiomyces	0	0	5	0	0	0
Fungi;Fungi_phylum_incertae_sedis;Fungi_class_incertae_sedis;Entomophthorales;Ancylistaceae;Conidiobolus	0	0	14	4	1	0
Fungi;Fungi_phylum_incertae_sedis;Fungi_class_incertae_sedis;Entomophthorales;Entomophthoraceae;Pandora	4	0	8	0	11	0
Fungi;Fungi_phylum_incertae_sedis;Fungi_class_incertae_sedis;Entomophthorales;Entomophthoraceae;Zoophthora	2	12	0	0	0	9
Fungi;Fungi_phylum_incertae_sedis;Fungi_class_incertae_sedis;Fungi_order_incertae_sedis;Olpidiaceae;Olpidium	0	0	8	0	0	0
Fungi;Fungi_phylum_incertae_sedis;Fungi_class_incertae_sedis;Mortierellales;Mortierellaceae;Mortierella	203	32	423	115	51	0
Fungi;Fungi_phylum_incertae_sedis;Fungi_class_incertae_sedis;Mortierellales;unclassified_Mortierellales_family;unclassified_Mortierellales_genus	0	0	8	2	0	0
Fungi;Fungi_phylum_incertae_sedis;Fungi_class_incertae_sedis;Mucorales;Choanephoraceae;Other	0	0	0	0	1	4
Fungi;Fungi_phylum_incertae_sedis;Fungi_class_incertae_sedis;Mucorales;Cunninghamellaceae;Cunninghamella	0	0	22	0	0	0
Fungi;Fungi_phylum_incertae_sedis;Fungi_class_incertae_sedis;Mucorales;Mucoraceae;Absidia	0	0	97	3	2	0
Fungi;Fungi_phylum_incertae_sedis;Fungi_class_incertae_sedis;Mucorales;Mucoraceae;Actinomucor	21	7	2	7	0	0
Fungi;Fungi_phylum_incertae_sedis;Fungi_class_incertae_sedis;Mucorales;Mucoraceae;Mucor	95	47	281	44	24	7
Fungi;Fungi_phylum_incertae_sedis;Fungi_class_incertae_sedis;Mucorales;Mucoraceae;Rhizomucor	4	0	1	3	0	1
Fungi;Fungi_phylum_incertae_sedis;Fungi_class_incertae_sedis;Mucorales;Mucoraceae;Rhizopus	46	107	78	40	21	30
Fungi;Fungi_phylum_incertae_sedis;Fungi_class_incertae_sedis;Mucorales;Mucorales_family_incertae_sedis;Umbelopsis	139	24	63	16	5	3
Fungi;Fungi_phylum_incertae_sedis;Fungi_class_incertae_sedis;Mucorales;Thamnidiaceae;unclassified_Thamnidiaceae_genus	3	0	4	0	0	1
Fungi;Fungi_phylum_incertae_sedis;Fungi_class_incertae_sedis;Neocallimastigales;Neocallimastigaceae;Cyllamyces	0	0	16	0	0	0
Fungi;Glomeromycota;Glomeromycetes;Diversisporales;Acaulosporaceae;Entrophospora	2	22	10	4	25	20
Fungi;Other;Other;Other;Other;Other	585	712	725	374	1008	1196
Fungi;unclassified_Fungi_phylum;unclassified_Fungi_class;unclassified_Fungi_order;unclassified_Fungi_family;unclassified_Fungi_genus	55012	56551	31624	21415	47424	32044
None;Other;Other;Other;Other;Other	1733	887	1492	833	1849	1443
k__Alveolata;p__Ciliophora;c__unidentified;o__unidentified;f__unidentified;g__unidentified	3	0	0	0	2	0
k__Fungi;Other;Other;Other;Other;Other	237	655	358	329	620	1346
k__Fungi;p__Ascomycota;Other;Other;Other;Other	121	122	196	73	129	151
k__Fungi;p__Ascomycota;c__Arthoniomycetes;o__Lichenostigmatales;f__Phaeococcomycetaceae;g__Phaeococcomyces	7	56	26	72	4	40
k__Fungi;p__Ascomycota;c__Dothideomycetes;Other;Other;Other	86	77	133	94	355	200
k__Fungi;p__Ascomycota;c__Dothideomycetes;o__Botryosphaeriales;f__Botryosphaeriaceae;Other	0	0	0	4	23	3
k__Fungi;p__Ascomycota;c__Dothideomycetes;o__Botryosphaeriales;f__Botryosphaeriaceae;g__Diplodia	0	1	0	3	0	0
k__Fungi;p__Ascomycota;c__Dothideomycetes;o__Botryosphaeriales;f__Botryosphaeriaceae;g__Dothiorella	0	0	2	0	2	1
k__Fungi;p__Ascomycota;c__Dothideomycetes;o__Botryosphaeriales;f__Botryosphaeriaceae;g__Tiarosporella	0	0	1	0	18	0
k__Fungi;p__Ascomycota;c__Dothideomycetes;o__Botryosphaeriales;f__unidentified;g__unidentified	0	0	0	0	0	5
k__Fungi;p__Ascomycota;c__Dothideomycetes;o__Capnodiales;Other;Other	8	21	28	27	17	18
k__Fungi;p__Ascomycota;c__Dothideomycetes;o__Capnodiales;f__Cladosporiaceae;Other	0	0	0	6	0	0
k__Fungi;p__Ascomycota;c__Dothideomycetes;o__Capnodiales;f__Cladosporiaceae;g__Cladosporium	48	71	35	62	38	45
k__Fungi;p__Ascomycota;c__Dothideomycetes;o__Capnodiales;f__Cladosporiaceae;g__Rachicladosporium	11	34	22	31	19	43
k__Fungi;p__Ascomycota;c__Dothideomycetes;o__Capnodiales;f__Cladosporiaceae;g__Toxicocladosporium	0	0	1	1	2	0
k__Fungi;p__Ascomycota;c__Dothideomycetes;o__Capnodiales;f__Cladosporiaceae;g__Verrucocladosporium	9	10	6	0	2	0
k__Fungi;p__Ascomycota;c__Dothideomycetes;o__Capnodiales;f__Mycosphaerellaceae;Other	7	6	2	1	17	4
k__Fungi;p__Ascomycota;c__Dothideomycetes;o__Capnodiales;f__Mycosphaerellaceae;g__Ramularia	15	10	6	5	7	8
k__Fungi;p__Ascomycota;c__Dothideomycetes;o__Capnodiales;f__Mycosphaerellaceae;g__Septoria	0	0	1	0	3	0
k__Fungi;p__Ascomycota;c__Dothideomycetes;o__Capnodiales;f__Neodevriesiaceae;g__Neodevriesia	2	0	3	2	14	3
k__Fungi;p__Ascomycota;c__Dothideomycetes;o__Capnodiales;f__Teratosphaeriaceae;Other	195	317	158	168	34	205
k__Fungi;p__Ascomycota;c__Dothideomycetes;o__Capnodiales;f__Teratosphaeriaceae;g__Catenulostroma	1	3	1	0	0	2
k__Fungi;p__Ascomycota;c__Dothideomycetes;o__Capnodiales;f__Teratosphaeriaceae;g__Parateratosphaeria	0	5	1	0	1	2
k__Fungi;p__Ascomycota;c__Dothideomycetes;o__Capnodiales;f__Teratosphaeriaceae;g__unidentified	3	10	9	2	3	15
k__Fungi;p__Ascomycota;c__Dothideomycetes;o__Capnodiales;f__unidentified;g__unidentified	37	65	76	85	34	247
k__Fungi;p__Ascomycota;c__Dothideomycetes;o__Dothideales;Other;Other	2	35	9	22	3	20
k__Fungi;p__Ascomycota;c__Dothideomycetes;o__Dothideales;f__Dothioraceae;Other	1	2	2	1	6	0
k__Fungi;p__Ascomycota;c__Dothideomycetes;o__Dothideales;f__unidentified;g__unidentified	0	5	11	14	20	14
k__Fungi;p__Ascomycota;c__Dothideomycetes;o__Dothideomycetes_ord_Incertae_sedis;f__Eremomycetaceae;g__Arthrographis	6	0	0	0	2	0
k__Fungi;p__Ascomycota;c__Dothideomycetes;o__Myriangiales;Other;Other	0	3	0	4	0	0
k__Fungi;p__Ascomycota;c__Dothideomycetes;o__Pleosporales;Other;Other	964	1546	1390	942	11300	1388
k__Fungi;p__Ascomycota;c__Dothideomycetes;o__Pleosporales;f__Coniothyriaceae;g__Coniothyrium	0	0	0	0	1	27
k__Fungi;p__Ascomycota;c__Dothideomycetes;o__Pleosporales;f__Cucurbitariaceae;Other	0	17	9	2	6	25
k__Fungi;p__Ascomycota;c__Dothideomycetes;o__Pleosporales;f__Didymellaceae;Other	71	98	51	62	48	61
k__Fungi;p__Ascomycota;c__Dothideomycetes;o__Pleosporales;f__Didymellaceae;g__Epicoccum	29	51	19	25	31	14
k__Fungi;p__Ascomycota;c__Dothideomycetes;o__Pleosporales;f__Didymellaceae;g__Phoma	7	9	4	4	2	4
k__Fungi;p__Ascomycota;c__Dothideomycetes;o__Pleosporales;f__Didymosphaeriaceae;Other	3	9	20	1	43	21
k__Fungi;p__Ascomycota;c__Dothideomycetes;o__Pleosporales;f__Didymosphaeriaceae;g__Paraphaeosphaeria	660	782	959	485	381	582
k__Fungi;p__Ascomycota;c__Dothideomycetes;o__Pleosporales;f__Didymosphaeriaceae;g__Spegazzinia	1	7	0	0	0	0
k__Fungi;p__Ascomycota;c__Dothideomycetes;o__Pleosporales;f__Didymosphaeriaceae;g__unidentified	0	4	0	0	0	0
k__Fungi;p__Ascomycota;c__Dothideomycetes;o__Pleosporales;f__Lentitheciaceae;Other	4	1	4	0	8	5
k__Fungi;p__Ascomycota;c__Dothideomycetes;o__Pleosporales;f__Lentitheciaceae;g__Keissleriella	3	9	13	1	12	3
k__Fungi;p__Ascomycota;c__Dothideomycetes;o__Pleosporales;f__Leptosphaeriaceae;Other	0	1	5	0	7	8
k__Fungi;p__Ascomycota;c__Dothideomycetes;o__Pleosporales;f__Leptosphaeriaceae;g__Plenodomus	1	1	1	1	1	4
k__Fungi;p__Ascomycota;c__Dothideomycetes;o__Pleosporales;f__Lophiostomataceae;g__Lophiostoma	0	3	4	6	5	13
k__Fungi;p__Ascomycota;c__Dothideomycetes;o__Pleosporales;f__Lophiostomataceae;g__Sigarispora	11	25	52	19	49	169
k__Fungi;p__Ascomycota;c__Dothideomycetes;o__Pleosporales;f__Lophiotremataceae;g__Lophiotrema	1	0	0	0	1	5
k__Fungi;p__Ascomycota;c__Dothideomycetes;o__Pleosporales;f__Massarinaceae;Other	4	12	1	9	1	6
k__Fungi;p__Ascomycota;c__Dothideomycetes;o__Pleosporales;f__Massarinaceae;g__unidentified	8	22	4	14	4	2
k__Fungi;p__Ascomycota;c__Dothideomycetes;o__Pleosporales;f__Morosphaeriaceae;g__Aquilomyces	4	0	0	0	0	0
k__Fungi;p__Ascomycota;c__Dothideomycetes;o__Pleosporales;f__Periconiaceae;g__Periconia	755	605	370	349	833	503
k__Fungi;p__Ascomycota;c__Dothideomycetes;o__Pleosporales;f__Phaeosphaeriaceae;Other	5	25	13	6	14	19
k__Fungi;p__Ascomycota;c__Dothideomycetes;o__Pleosporales;f__Phaeosphaeriaceae;g__Chaetosphaeronema	0	2	0	8	0	1
k__Fungi;p__Ascomycota;c__Dothideomycetes;o__Pleosporales;f__Phaeosphaeriaceae;g__Leptospora	4	25	7	2	89	36
k__Fungi;p__Ascomycota;c__Dothideomycetes;o__Pleosporales;f__Phaeosphaeriaceae;g__Sclerostagonospora	1	0	0	0	3	2
k__Fungi;p__Ascomycota;c__Dothideomycetes;o__Pleosporales;f__Pleosporaceae;Other	34	56	23	9	41	37
k__Fungi;p__Ascomycota;c__Dothideomycetes;o__Pleosporales;f__Pleosporaceae;g__Alternaria	41	16	9	6	28	10
k__Fungi;p__Ascomycota;c__Dothideomycetes;o__Pleosporales;f__Pleosporaceae;g__Bipolaris	204	235	23	138	78	63
k__Fungi;p__Ascomycota;c__Dothideomycetes;o__Pleosporales;f__Pleosporaceae;g__Comoclathris	3	0	9	1	3	2
k__Fungi;p__Ascomycota;c__Dothideomycetes;o__Pleosporales;f__Pleosporaceae;g__Curvularia	56	77	1	19	22	81
k__Fungi;p__Ascomycota;c__Dothideomycetes;o__Pleosporales;f__Pleosporales_fam_Incertae_sedis;g__Bahusandhika	0	0	0	1	0	4
k__Fungi;p__Ascomycota;c__Dothideomycetes;o__Pleosporales;f__Sporormiaceae;g__Preussia	0	0	12	0	0	0
k__Fungi;p__Ascomycota;c__Dothideomycetes;o__Pleosporales;f__Sporormiaceae;g__Sparticola	0	9	0	0	43	37
k__Fungi;p__Ascomycota;c__Dothideomycetes;o__Pleosporales;f__Sporormiaceae;g__unidentified	0	0	0	4	0	0
k__Fungi;p__Ascomycota;c__Dothideomycetes;o__Pleosporales;f__Teichosporaceae;g__Teichospora	1	21	8	9	7	16
k__Fungi;p__Ascomycota;c__Dothideomycetes;o__Pleosporales;f__Teichosporaceae;g__unidentified	0	6	2	0	0	9
k__Fungi;p__Ascomycota;c__Dothideomycetes;o__Pleosporales;f__Testudinaceae;Other	50	82	33	66	10	46
k__Fungi;p__Ascomycota;c__Dothideomycetes;o__Pleosporales;f__Tetraplosphaeriaceae;g__Tetraplosphaeria	0	0	0	0	6	0
k__Fungi;p__Ascomycota;c__Dothideomycetes;o__Pleosporales;f__Torulaceae;g__Dendryphion	78	106	59	99	60	153
k__Fungi;p__Ascomycota;c__Dothideomycetes;o__Pleosporales;f__Torulaceae;g__Torula	749	601	900	442	415	246
k__Fungi;p__Ascomycota;c__Dothideomycetes;o__Pleosporales;f__unidentified;g__unidentified	46	127	44	36	121	67
k__Fungi;p__Ascomycota;c__Dothideomycetes;o__Tubeufiales;f__Tubeufiaceae;Other	0	0	0	0	0	25
k__Fungi;p__Ascomycota;c__Dothideomycetes;o__Tubeufiales;f__Tubeufiaceae;g__Helicoma	12	0	5	1	0	2
k__Fungi;p__Ascomycota;c__Dothideomycetes;o__Venturiales;f__Sympoventuriaceae;g__Fusicladium	0	2	0	7	0	3
k__Fungi;p__Ascomycota;c__Dothideomycetes;o__Venturiales;f__Sympoventuriaceae;g__Ochroconis	0	0	0	2	0	2
k__Fungi;p__Ascomycota;c__Dothideomycetes;o__Venturiales;f__Venturiaceae;Other	67	34	57	4	2	0
k__Fungi;p__Ascomycota;c__Dothideomycetes;o__Venturiales;f__Venturiaceae;g__Venturia	15	2	1	3	2	0
k__Fungi;p__Ascomycota;c__Dothideomycetes;o__Venturiales;f__Venturiaceae;g__unidentified	0	0	3	0	1	13
k__Fungi;p__Ascomycota;c__Dothideomycetes;o__unidentified;f__unidentified;g__unidentified	4	28	11	26	6	31
k__Fungi;p__Ascomycota;c__Eurotiomycetes;o__Chaetothyriales;Other;Other	11	35	2	25	6	14
k__Fungi;p__Ascomycota;c__Eurotiomycetes;o__Chaetothyriales;f__Cyphellophoraceae;g__Cyphellophora	0	0	0	0	2	2
k__Fungi;p__Ascomycota;c__Eurotiomycetes;o__Chaetothyriales;f__Herpotrichiellaceae;g__Exophiala	4	1	2	1	1	1
k__Fungi;p__Ascomycota;c__Eurotiomycetes;o__Chaetothyriales;f__Herpotrichiellaceae;g__unidentified	20	83	20	52	9	21
k__Fungi;p__Ascomycota;c__Eurotiomycetes;o__Chaetothyriales;f__Trichomeriaceae;Other	0	3	0	5	3	4
k__Fungi;p__Ascomycota;c__Eurotiomycetes;o__Chaetothyriales;f__Trichomeriaceae;g__Bradymyces	0	4	0	3	0	4
k__Fungi;p__Ascomycota;c__Eurotiomycetes;o__Chaetothyriales;f__Trichomeriaceae;g__unidentified	0	0	1	0	1	6
k__Fungi;p__Ascomycota;c__Eurotiomycetes;o__Chaetothyriales;f__unidentified;g__unidentified	2	6	0	2	1	3
k__Fungi;p__Ascomycota;c__Eurotiomycetes;o__Eurotiales;Other;Other	16	53	56	40	11	15
k__Fungi;p__Ascomycota;c__Eurotiomycetes;o__Eurotiales;f__Aspergillaceae;Other	0	0	0	2	0	2
k__Fungi;p__Ascomycota;c__Eurotiomycetes;o__Eurotiales;f__Aspergillaceae;g__Aspergillus	35	53	11	23	16	20
k__Fungi;p__Ascomycota;c__Eurotiomycetes;o__Eurotiales;f__Aspergillaceae;g__Penicillium	82	170	46	158	100	114
k__Fungi;p__Ascomycota;c__Eurotiomycetes;o__Eurotiales;f__Aspergillaceae;g__unidentified	0	2	0	2	0	0
k__Fungi;p__Ascomycota;c__Eurotiomycetes;o__Eurotiales;f__Trichocomaceae;Other	0	0	0	0	5	3
k__Fungi;p__Ascomycota;c__Eurotiomycetes;o__Eurotiales;f__Trichocomaceae;g__Talaromyces	17	44	15	19	8	15
k__Fungi;p__Ascomycota;c__Eurotiomycetes;o__Onygenales;Other;Other	3	3	12	9	0	3
k__Fungi;p__Ascomycota;c__Eurotiomycetes;o__Onygenales;f__Onygenales_fam_Incertae_sedis;g__Chrysosporium	9	17	19	7	0	1
k__Fungi;p__Ascomycota;c__Eurotiomycetes;o__Onygenales;f__Onygenales_fam_Incertae_sedis;g__Malbranchea	1	2	1	2	0	0
k__Fungi;p__Ascomycota;c__Eurotiomycetes;o__Verrucariales;f__Verrucariaceae;g__Endocarpon	0	26	1	13	26	63
k__Fungi;p__Ascomycota;c__Leotiomycetes;o__Erysiphales;f__Erysiphaceae;Other	7	17	0	28	1	7
k__Fungi;p__Ascomycota;c__Leotiomycetes;o__Erysiphales;f__Erysiphaceae;g__Blumeria	0	2	0	2	1	3
k__Fungi;p__Ascomycota;c__Leotiomycetes;o__Erysiphales;f__Erysiphaceae;g__Erysiphe	1	3	5	9	1	1
k__Fungi;p__Ascomycota;c__Leotiomycetes;o__Helotiales;f__Dermateaceae;g__unidentified	0	0	6	0	0	0
k__Fungi;p__Ascomycota;c__Leotiomycetes;o__Helotiales;f__Helotiaceae;Other	0	4	0	0	3	0
k__Fungi;p__Ascomycota;c__Leotiomycetes;o__Helotiales;f__Myxotrichaceae;g__Oidiodendron	4	0	0	0	1	0
k__Fungi;p__Ascomycota;c__Leotiomycetes;o__Helotiales;f__unidentified;g__unidentified	0	1	0	1	2	0
k__Fungi;p__Ascomycota;c__Leotiomycetes;o__Thelebolales;f__Pseudeurotiaceae;Other	3	7	2	7	0	3
k__Fungi;p__Ascomycota;c__Pezizomycetes;o__Pezizales;Other;Other	0	2	0	1	0	1
k__Fungi;p__Ascomycota;c__Pezizomycetes;o__Pezizales;f__Pyronemataceae;g__Hydnocystis	0	0	0	0	3	7
k__Fungi;p__Ascomycota;c__Pezizomycetes;o__Pezizales;f__Pyronemataceae;g__unidentified	0	6	0	0	0	0
k__Fungi;p__Ascomycota;c__Saccharomycetes;o__Saccharomycetales;Other;Other	0	3	0	1	0	0
k__Fungi;p__Ascomycota;c__Saccharomycetes;o__Saccharomycetales;f__Saccharomycetaceae;g__Kazachstania	1	15	4	2	2	3
k__Fungi;p__Ascomycota;c__Sordariomycetes;Other;Other;Other	43	32	39	19	129	65
k__Fungi;p__Ascomycota;c__Sordariomycetes;o__Chaetosphaeriales;f__Chaetosphaeriaceae;g__Pseudolachnea	0	0	0	0	3	1
k__Fungi;p__Ascomycota;c__Sordariomycetes;o__Coniochaetales;f__Coniochaetaceae;g__Coniochaeta	2	0	0	3	2	0
k__Fungi;p__Ascomycota;c__Sordariomycetes;o__Diaporthales;Other;Other	1	18	42	4	63	50
k__Fungi;p__Ascomycota;c__Sordariomycetes;o__Diaporthales;f__Diaporthaceae;g__Diaporthe	8	35	48	6	61	63
k__Fungi;p__Ascomycota;c__Sordariomycetes;o__Diaporthales;f__Valsaceae;Other	0	2	1	3	0	6
k__Fungi;p__Ascomycota;c__Sordariomycetes;o__Diaporthales;f__Valsaceae;g__Cytospora	3	0	3	0	2	1
k__Fungi;p__Ascomycota;c__Sordariomycetes;o__Diaporthales;f__Valsaceae;g__Phomopsis	0	7	1	0	4	10
k__Fungi;p__Ascomycota;c__Sordariomycetes;o__Diaporthales;f__unidentified;g__unidentified	0	3	0	0	0	1
k__Fungi;p__Ascomycota;c__Sordariomycetes;o__Glomerellales;f__Plectosphaerellaceae;Other	3	0	9	0	2	0
k__Fungi;p__Ascomycota;c__Sordariomycetes;o__Glomerellales;f__Plectosphaerellaceae;g__Plectosphaerella	18	65	24	11	76	37
k__Fungi;p__Ascomycota;c__Sordariomycetes;o__Hypoceales;f__Catabotrydaceae;g__unidentified	2	0	1	1	1	1
k__Fungi;p__Ascomycota;c__Sordariomycetes;o__Hypocreales;Other;Other	207	278	117	93	1325	206
k__Fungi;p__Ascomycota;c__Sordariomycetes;o__Hypocreales;f__Clavicipitaceae;g__Claviceps	1	1	0	0	11	9
k__Fungi;p__Ascomycota;c__Sordariomycetes;o__Hypocreales;f__Clavicipitaceae;g__Metarhizium	13	37	0	1	5	4
k__Fungi;p__Ascomycota;c__Sordariomycetes;o__Hypocreales;f__Cordycipitaceae;Other	3	6	4	3	2	1
k__Fungi;p__Ascomycota;c__Sordariomycetes;o__Hypocreales;f__Cordycipitaceae;g__Lecanicillium	5	5	0	4	9	1
k__Fungi;p__Ascomycota;c__Sordariomycetes;o__Hypocreales;f__Hypocreaceae;g__Trichoderma	0	7	0	0	0	1
k__Fungi;p__Ascomycota;c__Sordariomycetes;o__Hypocreales;f__Hypocreales_fam_Incertae_sedis;Other	1	2	0	3	0	0
k__Fungi;p__Ascomycota;c__Sordariomycetes;o__Hypocreales;f__Hypocreales_fam_Incertae_sedis;g__Acremonium	31	85	15	46	23	34
k__Fungi;p__Ascomycota;c__Sordariomycetes;o__Hypocreales;f__Hypocreales_fam_Incertae_sedis;g__Sarocladium	14	8	8	3	12	14
k__Fungi;p__Ascomycota;c__Sordariomycetes;o__Hypocreales;f__Nectriaceae;g__Fusarium	1	4	0	6	7	21
k__Fungi;p__Ascomycota;c__Sordariomycetes;o__Hypocreales;f__Nectriaceae;g__Stephanonectria	1	0	0	3	0	0
k__Fungi;p__Ascomycota;c__Sordariomycetes;o__Hypocreales;f__Nectriaceae;g__unidentified	3	0	0	1	1	0
k__Fungi;p__Ascomycota;c__Sordariomycetes;o__Hypocreales;f__Ophiocordycipitaceae;g__Purpureocillium	0	11	0	0	1	0
k__Fungi;p__Ascomycota;c__Sordariomycetes;o__Hypocreales;f__Stachybotryaceae;Other	2	10	6	3	1	6
k__Fungi;p__Ascomycota;c__Sordariomycetes;o__Hypocreales;f__Stachybotryaceae;g__Myrothecium	0	0	2	2	1	3
k__Fungi;p__Ascomycota;c__Sordariomycetes;o__Hypocreales;f__Stachybotryaceae;g__Stachybotrys	1	2	1	0	0	0
k__Fungi;p__Ascomycota;c__Sordariomycetes;o__Hypocreales;f__Stachybotryaceae;g__unidentified	2	4	2	2	0	4
k__Fungi;p__Ascomycota;c__Sordariomycetes;o__Hypocreales;f__Tilachlidiaceae;g__Septofusidium	9	7	6	0	13	2
k__Fungi;p__Ascomycota;c__Sordariomycetes;o__Hypocreales;f__unidentified;g__unidentified	27	25	7	15	18	29
k__Fungi;p__Ascomycota;c__Sordariomycetes;o__Magnaporthales;f__Magnaporthaceae;Other	11	69	4	3	69	53
k__Fungi;p__Ascomycota;c__Sordariomycetes;o__Magnaporthales;f__Magnaporthaceae;g__Pseudopyricularia	2	0	2	2	30	4
k__Fungi;p__Ascomycota;c__Sordariomycetes;o__Microascales;Other;Other	7	7	14	4	2	1
k__Fungi;p__Ascomycota;c__Sordariomycetes;o__Microascales;f__Microascaceae;Other	1	12	4	6	1	5
k__Fungi;p__Ascomycota;c__Sordariomycetes;o__Microascales;f__Microascaceae;g__Cephalotrichum	2	8	0	6	0	0
k__Fungi;p__Ascomycota;c__Sordariomycetes;o__Microascales;f__Microascaceae;g__Microascus	11	25	13	21	3	11
k__Fungi;p__Ascomycota;c__Sordariomycetes;o__Microascales;f__Microascaceae;g__Pithoascus	20	42	21	11	21	17
k__Fungi;p__Ascomycota;c__Sordariomycetes;o__Microascales;f__Microascaceae;g__unidentified	0	1	2	1	0	0
k__Fungi;p__Ascomycota;c__Sordariomycetes;o__Microascales;f__unidentified;g__unidentified	2	1	0	0	3	0
k__Fungi;p__Ascomycota;c__Sordariomycetes;o__Myrmecridiales;f__Myrmecridiaceae;g__Myrmecridium	4	0	0	0	1	5
k__Fungi;p__Ascomycota;c__Sordariomycetes;o__Sordariales;Other;Other	6	5	3	1	0	0
k__Fungi;p__Ascomycota;c__Sordariomycetes;o__Sordariales;f__Cephalothecaceae;Other	2	0	3	0	0	0
k__Fungi;p__Ascomycota;c__Sordariomycetes;o__Sordariales;f__Cephalothecaceae;g__Cephalotheca	4	1	5	0	1	2
k__Fungi;p__Ascomycota;c__Sordariomycetes;o__Sordariales;f__Chaetomiaceae;Other	2	2	4	4	1	3
k__Fungi;p__Ascomycota;c__Sordariomycetes;o__Sordariales;f__Lasiosphaeriaceae;g__Podospora	0	13	0	0	0	0
k__Fungi;p__Ascomycota;c__Sordariomycetes;o__Sordariales;f__Sordariaceae;Other	3	4	0	4	2	2
k__Fungi;p__Ascomycota;c__Sordariomycetes;o__Sordariales;f__Sordariaceae;g__unidentified	1	0	0	2	2	0
k__Fungi;p__Ascomycota;c__Sordariomycetes;o__Trichosphaeriales;f__Trichosphaeriaceae;g__Nigrospora	9	20	5	18	22	22
k__Fungi;p__Ascomycota;c__Sordariomycetes;o__Xylariales;Other;Other	19	67	9	41	144	168
k__Fungi;p__Ascomycota;c__Sordariomycetes;o__Xylariales;f__Amphisphaeriaceae;Other	13	10	2	4	2	5
k__Fungi;p__Ascomycota;c__Sordariomycetes;o__Xylariales;f__Apiosporaceae;g__Arthrinium	70	95	68	78	34	65
k__Fungi;p__Ascomycota;c__Sordariomycetes;o__Xylariales;f__Diatrypaceae;Other	4	16	20	13	4	3
k__Fungi;p__Ascomycota;c__Sordariomycetes;o__Xylariales;f__Diatrypaceae;g__Eutypella	0	0	1	0	3	2
k__Fungi;p__Ascomycota;c__Sordariomycetes;o__Xylariales;f__Sporocadaceae;g__Seiridium	2	3	2	2	1	2
k__Fungi;p__Ascomycota;c__Sordariomycetes;o__Xylariales;f__Xylariaceae;Other	3	1	0	0	0	1
k__Fungi;p__Ascomycota;c__Sordariomycetes;o__Xylariales;f__Xylariaceae;g__Annulohypoxylon	0	3	0	3	0	10
k__Fungi;p__Ascomycota;c__Sordariomycetes;o__Xylariales;f__Xylariaceae;g__Hypoxylon	7	2	2	2	3	9
k__Fungi;p__Ascomycota;c__Sordariomycetes;o__Xylariales;f__Xylariaceae;g__unidentified	0	0	0	1	1	10
k__Fungi;p__Ascomycota;c__Sordariomycetes;o__Xylariales;f__unidentified;g__unidentified	2	30	0	11	8	11
k__Fungi;p__Ascomycota;c__Sordariomycetes;o__unidentified;f__unidentified;g__unidentified	14	20	3	5	13	14
k__Fungi;p__Ascomycota;c__Taphrinomycetes;o__Taphrinales;f__Taphrinaceae;g__Taphrina	0	1	0	1	0	2
k__Fungi;p__Ascomycota;c__unidentified;o__unidentified;f__unidentified;g__unidentified	12	77	17	48	6	36
k__Fungi;p__Basidiomycota;Other;Other;Other;Other	2	2	0	0	17	14
k__Fungi;p__Basidiomycota;c__Agaricomycetes;Other;Other;Other	1	11	9	3	107	115
k__Fungi;p__Basidiomycota;c__Agaricomycetes;o__Agaricales;Other;Other	466	104	461	20	3597	524
k__Fungi;p__Basidiomycota;c__Agaricomycetes;o__Agaricales;f__Agaricaceae;g__Agaricus	2	10	5	0	25	30
k__Fungi;p__Basidiomycota;c__Agaricomycetes;o__Agaricales;f__Agaricaceae;g__Tulostoma	0	0	2	4	0	1
k__Fungi;p__Basidiomycota;c__Agaricomycetes;o__Agaricales;f__Cortinariaceae;g__Cortinarius	0	2	0	0	2	0
k__Fungi;p__Basidiomycota;c__Agaricomycetes;o__Agaricales;f__Crepidotaceae;g__Crepidotus	1	3	0	0	3	13
k__Fungi;p__Basidiomycota;c__Agaricomycetes;o__Agaricales;f__Entolomataceae;g__Clitopilus	0	0	0	0	2	2
k__Fungi;p__Basidiomycota;c__Agaricomycetes;o__Agaricales;f__Lycoperdaceae;Other	2	0	2	0	0	0
k__Fungi;p__Basidiomycota;c__Agaricomycetes;o__Agaricales;f__Lycoperdaceae;g__Calvatia	1	4	0	0	0	0
k__Fungi;p__Basidiomycota;c__Agaricomycetes;o__Agaricales;f__Lycoperdaceae;g__Lycoperdon	0	3	0	1	1	15
k__Fungi;p__Basidiomycota;c__Agaricomycetes;o__Agaricales;f__Omphalotaceae;g__Gymnopus	1	3	1	0	15	19
k__Fungi;p__Basidiomycota;c__Agaricomycetes;o__Agaricales;f__Physalacriaceae;Other	0	3	0	4	5	38
k__Fungi;p__Basidiomycota;c__Agaricomycetes;o__Agaricales;f__Physalacriaceae;g__Armillaria	0	3	0	0	13	5
k__Fungi;p__Basidiomycota;c__Agaricomycetes;o__Agaricales;f__Physalacriaceae;g__Cryptomarasmius	0	1	0	1	0	2
k__Fungi;p__Basidiomycota;c__Agaricomycetes;o__Agaricales;f__Physalacriaceae;g__Flammulina	0	0	0	0	2	3
k__Fungi;p__Basidiomycota;c__Agaricomycetes;o__Agaricales;f__Pleurotaceae;Other	0	0	0	0	2	5
k__Fungi;p__Basidiomycota;c__Agaricomycetes;o__Agaricales;f__Pleurotaceae;g__Pleurotus	2	1	0	0	3	8
k__Fungi;p__Basidiomycota;c__Agaricomycetes;o__Agaricales;f__Psathyrellaceae;Other	1	4	0	1	15	16
k__Fungi;p__Basidiomycota;c__Agaricomycetes;o__Agaricales;f__Psathyrellaceae;g__Coprinellus	45	217	32	10	184	107
k__Fungi;p__Basidiomycota;c__Agaricomycetes;o__Agaricales;f__Psathyrellaceae;g__Coprinopsis	37	5	50	6	61	41
k__Fungi;p__Basidiomycota;c__Agaricomycetes;o__Agaricales;f__Psathyrellaceae;g__Psathyrella	0	1	0	0	24	21
k__Fungi;p__Basidiomycota;c__Agaricomycetes;o__Agaricales;f__Pterulaceae;g__Aphanobasidium	0	12	0	4	3	15
k__Fungi;p__Basidiomycota;c__Agaricomycetes;o__Agaricales;f__Strophariaceae;Other	0	11	0	0	7	15
k__Fungi;p__Basidiomycota;c__Agaricomycetes;o__Agaricales;f__Tricholomataceae;g__Hydropus	0	0	0	0	0	9
k__Fungi;p__Basidiomycota;c__Agaricomycetes;o__Agaricales;f__Tricholomataceae;g__Lepista	0	4	0	0	1	0
k__Fungi;p__Basidiomycota;c__Agaricomycetes;o__Agaricales;f__Tricholomataceae;g__Melanoleuca	0	0	0	0	0	4
k__Fungi;p__Basidiomycota;c__Agaricomycetes;o__Agaricales;f__unidentified;g__unidentified	0	3	1	2	45	26
k__Fungi;p__Basidiomycota;c__Agaricomycetes;o__Atheliales;f__Atheliaceae;g__Tylospora	0	2	0	0	3	3
k__Fungi;p__Basidiomycota;c__Agaricomycetes;o__Auriculariales;Other;Other	0	4	0	0	2	3
k__Fungi;p__Basidiomycota;c__Agaricomycetes;o__Auriculariales;f__Exidiaceae;Other	1	1	0	0	75	140
k__Fungi;p__Basidiomycota;c__Agaricomycetes;o__Auriculariales;f__Exidiaceae;g__Exidia	0	0	7	0	0	2
k__Fungi;p__Basidiomycota;c__Agaricomycetes;o__Auriculariales;f__unidentified;g__unidentified	2	5	6	0	51	126
k__Fungi;p__Basidiomycota;c__Agaricomycetes;o__Cantharellales;Other;Other	1	0	1	2	0	2
k__Fungi;p__Basidiomycota;c__Agaricomycetes;o__Cantharellales;f__Botryobasidiaceae;g__Botryobasidium	2	4	0	3	0	22
k__Fungi;p__Basidiomycota;c__Agaricomycetes;o__Cantharellales;f__Cantharellales_fam_Incertae_sedis;Other	0	5	0	1	0	1
k__Fungi;p__Basidiomycota;c__Agaricomycetes;o__Cantharellales;f__Cantharellales_fam_Incertae_sedis;g__Sistotrema	1	0	2	1	2	0
k__Fungi;p__Basidiomycota;c__Agaricomycetes;o__Cantharellales;f__Ceratobasidiaceae;g__Thanatephorus	0	2	0	0	2	1
k__Fungi;p__Basidiomycota;c__Agaricomycetes;o__Cantharellales;f__unidentified;g__unidentified	0	0	0	0	1	3
k__Fungi;p__Basidiomycota;c__Agaricomycetes;o__Corticiales;f__Corticiaceae;g__Corticium	4	7	0	0	21	67
k__Fungi;p__Basidiomycota;c__Agaricomycetes;o__Corticiales;f__unidentified;g__unidentified	3	2	2	2	99	13
k__Fungi;p__Basidiomycota;c__Agaricomycetes;o__Geastrales;f__Geastraceae;g__Geastrum	0	1	0	0	1	2
k__Fungi;p__Basidiomycota;c__Agaricomycetes;o__Hymenochaetales;f__Hymenochaetaceae;g__Fuscoporia	2	0	0	0	2	2
k__Fungi;p__Basidiomycota;c__Agaricomycetes;o__Hymenochaetales;f__Hymenochaetaceae;g__Phellinus	2	0	8	1	43	1
k__Fungi;p__Basidiomycota;c__Agaricomycetes;o__Hymenochaetales;f__Schizoporaceae;Other	1	12	0	0	1	29
k__Fungi;p__Basidiomycota;c__Agaricomycetes;o__Hymenochaetales;f__Schizoporaceae;g__Hyphodontia	8	62	0	22	28	179
k__Fungi;p__Basidiomycota;c__Agaricomycetes;o__Hymenochaetales;f__Schizoporaceae;g__Xylodon	0	0	0	0	0	5
k__Fungi;p__Basidiomycota;c__Agaricomycetes;o__Hymenochaetales;f__Tubulicrinaceae;g__Tubulicrinis	1	29	5	8	0	12
k__Fungi;p__Basidiomycota;c__Agaricomycetes;o__Polyporales;Other;Other	26	307	39	391	13	222
k__Fungi;p__Basidiomycota;c__Agaricomycetes;o__Polyporales;f__Fomitopsidaceae;Other	0	11	2	0	4	12
k__Fungi;p__Basidiomycota;c__Agaricomycetes;o__Polyporales;f__Fomitopsidaceae;g__Antrodia	4	0	1	0	7	8
k__Fungi;p__Basidiomycota;c__Agaricomycetes;o__Polyporales;f__Fomitopsidaceae;g__Dacryobolus	1	2	0	3	5	16
k__Fungi;p__Basidiomycota;c__Agaricomycetes;o__Polyporales;f__Fomitopsidaceae;g__Fomitopsis	3	4	0	18	0	24
k__Fungi;p__Basidiomycota;c__Agaricomycetes;o__Polyporales;f__Fomitopsidaceae;g__Sarcoporia	3	8	1	0	0	11
k__Fungi;p__Basidiomycota;c__Agaricomycetes;o__Polyporales;f__Ganodermataceae;Other	0	3	0	0	1	0
k__Fungi;p__Basidiomycota;c__Agaricomycetes;o__Polyporales;f__Ganodermataceae;g__Ganoderma	8	27	4	8	18	33
k__Fungi;p__Basidiomycota;c__Agaricomycetes;o__Polyporales;f__Ganodermataceae;g__Perenniporiella	0	5	0	0	1	12
k__Fungi;p__Basidiomycota;c__Agaricomycetes;o__Polyporales;f__Meripilaceae;Other	16	21	0	9	200	25
k__Fungi;p__Basidiomycota;c__Agaricomycetes;o__Polyporales;f__Meruliaceae;Other	12	47	1	9	30	75
k__Fungi;p__Basidiomycota;c__Agaricomycetes;o__Polyporales;f__Meruliaceae;g__Bjerkandera	160	66	89	25	556	72
k__Fungi;p__Basidiomycota;c__Agaricomycetes;o__Polyporales;f__Meruliaceae;g__Byssomerulius	4	12	3	0	3	18
k__Fungi;p__Basidiomycota;c__Agaricomycetes;o__Polyporales;f__Meruliaceae;g__Phanerochaete	0	4	0	0	2	9
k__Fungi;p__Basidiomycota;c__Agaricomycetes;o__Polyporales;f__Meruliaceae;g__Phlebia	1	11	0	0	12	86
k__Fungi;p__Basidiomycota;c__Agaricomycetes;o__Polyporales;f__Polyporaceae;Other	0	0	0	0	3	7
k__Fungi;p__Basidiomycota;c__Agaricomycetes;o__Polyporales;f__Polyporaceae;g__Funalia	2	1	1	0	10	8
k__Fungi;p__Basidiomycota;c__Agaricomycetes;o__Polyporales;f__Polyporales_fam_Incertae_sedis;g__Lopharia	0	0	0	0	0	4
k__Fungi;p__Basidiomycota;c__Agaricomycetes;o__Polyporales;f__Steccherinaceae;g__Steccherinum	0	1	0	1	2	9
k__Fungi;p__Basidiomycota;c__Agaricomycetes;o__Polyporales;f__Xenasmataceae;g__Xenasmatella	0	0	0	0	0	4
k__Fungi;p__Basidiomycota;c__Agaricomycetes;o__Polyporales;f__unidentified;g__unidentified	0	4	0	0	2	0
k__Fungi;p__Basidiomycota;c__Agaricomycetes;o__Russulales;Other;Other	0	7	3	0	0	3
k__Fungi;p__Basidiomycota;c__Agaricomycetes;o__Russulales;f__Albatrellaceae;g__unidentified	0	4	0	0	0	0
k__Fungi;p__Basidiomycota;c__Agaricomycetes;o__Russulales;f__Peniophoraceae;Other	25	210	166	6	218	597
k__Fungi;p__Basidiomycota;c__Agaricomycetes;o__Russulales;f__Peniophoraceae;g__Entomocorticium	0	0	2	0	1	4
k__Fungi;p__Basidiomycota;c__Agaricomycetes;o__Russulales;f__Peniophoraceae;g__Peniophora	1	6	0	1	54	2
k__Fungi;p__Basidiomycota;c__Agaricomycetes;o__Russulales;f__Peniophoraceae;g__Subulicystidium	0	0	0	0	1	9
k__Fungi;p__Basidiomycota;c__Agaricomycetes;o__Russulales;f__Peniophoraceae;g__unidentified	0	11	5	4	16	35
k__Fungi;p__Basidiomycota;c__Agaricomycetes;o__Russulales;f__Stereaceae;g__Stereum	2	13	2	0	3	6
k__Fungi;p__Basidiomycota;c__Agaricomycetes;o__Russulales;f__unidentified;g__unidentified	0	1	1	0	21	7
k__Fungi;p__Basidiomycota;c__Agaricomycetes;o__Thelephorales;f__Thelephoraceae;g__Tomentellopsis	0	7	0	0	0	1
k__Fungi;p__Basidiomycota;c__Agaricomycetes;o__Thelephorales;f__Thelephoraceae;g__unidentified	2	0	0	0	1	1
k__Fungi;p__Basidiomycota;c__Agaricomycetes;o__Trechisporales;Other;Other	0	15	0	0	0	18
k__Fungi;p__Basidiomycota;c__Agaricomycetes;o__Trechisporales;f__Hydnodontaceae;Other	0	7	0	0	5	47
k__Fungi;p__Basidiomycota;c__Agaricomycetes;o__Trechisporales;f__Hydnodontaceae;g__Brevicellicium	2	15	0	4	31	91
k__Fungi;p__Basidiomycota;c__Agaricomycetes;o__Trechisporales;f__Hydnodontaceae;g__Trechispora	2	89	4	26	16	99
k__Fungi;p__Basidiomycota;c__Agaricomycetes;o__Trechisporales;f__Trechisporales_fam_Incertae_sedis;g__Sistotremastrum	1	10	0	1	1	4
k__Fungi;p__Basidiomycota;c__Agaricomycetes;o__Trechisporales;f__unidentified;g__unidentified	2	12	0	2	12	117
k__Fungi;p__Basidiomycota;c__Agaricomycetes;o__unidentified;f__unidentified;g__unidentified	3	61	0	2	171	718
k__Fungi;p__Basidiomycota;c__Cystobasidiomycetes;o__Cystobasidiales;f__Cystobasidiaceae;g__Cystobasidium	14	31	0	9	8	9
k__Fungi;p__Basidiomycota;c__Exobasidiomycetes;o__Microstromatales;Other;Other	5	11	0	3	9	0
k__Fungi;p__Basidiomycota;c__Exobasidiomycetes;o__Microstromatales;f__unidentified;g__unidentified	7	5	4	1	1	0
k__Fungi;p__Basidiomycota;c__Microbotryomycetes;o__Sporidiobolales;f__Sporidiobolaceae;g__Rhodotorula	0	2	1	0	1	0
k__Fungi;p__Basidiomycota;c__Pucciniomycetes;o__Helicobasidiales;f__Helicobasidiaceae;g__unidentified	27	4	10	1	5	2
k__Fungi;p__Basidiomycota;c__Pucciniomycetes;o__Pucciniales;Other;Other	5	2	4	0	5	0
k__Fungi;p__Basidiomycota;c__Pucciniomycetes;o__Pucciniales;f__Pucciniaceae;g__Puccinia	0	0	0	0	2	2
k__Fungi;p__Basidiomycota;c__Tremellomycetes;Other;Other;Other	6	7	6	8	6	15
k__Fungi;p__Basidiomycota;c__Tremellomycetes;o__Cystofilobasidiales;f__Cystofilobasidiaceae;g__Cystofilobasidium	2	3	5	0	0	0
k__Fungi;p__Basidiomycota;c__Tremellomycetes;o__Cystofilobasidiales;f__Mrakiaceae;g__Udeniomyces	4	3	46	1	4	2
k__Fungi;p__Basidiomycota;c__Tremellomycetes;o__Filobasidiales;f__Filobasidiaceae;g__Naganishia	0	5	0	3	1	5
k__Fungi;p__Basidiomycota;c__Tremellomycetes;o__Tremellales;Other;Other	43	74	20	21	44	50
k__Fungi;p__Basidiomycota;c__Tremellomycetes;o__Tremellales;f__Bulleribasidiaceae;g__Dioszegia	2	5	10	5	29	9
k__Fungi;p__Basidiomycota;c__Tremellomycetes;o__Tremellales;f__Bulleribasidiaceae;g__Hannaella	0	0	0	0	6	0
k__Fungi;p__Basidiomycota;c__Tremellomycetes;o__Tremellales;f__Bulleribasidiaceae;g__Vishniacozyma	10	13	12	10	3	7
k__Fungi;p__Basidiomycota;c__Tremellomycetes;o__Tremellales;f__Cryptococcaceae;g__Kwoniella	0	4	0	1	0	0
k__Fungi;p__Basidiomycota;c__Tremellomycetes;o__Tremellales;f__Tremellaceae;g__Cryptococcus	2	13	1	2	1	3
k__Fungi;p__Basidiomycota;c__Tremellomycetes;o__Trichosporonales;f__Trichosporonaceae;g__Cutaneotrichosporon	2	1	9	1	2	0
k__Fungi;p__Basidiomycota;c__Ustilaginomycetes;o__Ustilaginales;Other;Other	0	6	5	4	2	7
k__Fungi;p__Basidiomycota;c__Ustilaginomycetes;o__Ustilaginales;f__Ustilaginaceae;Other	48	73	20	33	0	6
k__Fungi;p__Basidiomycota;c__Wallemiomycetes;o__Wallemiales;f__Wallemiaceae;g__Wallemia	3	5	0	2	1	1
k__Fungi;p__Mortierellomycota;c__Mortierellomycetes;o__Mortierellales;f__Mortierellaceae;Other	6	0	5	1	2	0
k__Fungi;p__Mortierellomycota;c__Mortierellomycetes;o__Mortierellales;f__Mortierellaceae;g__Mortierella	0	2	2	0	0	0
k__Fungi;p__Mucoromycota;c__Mucoromycetes;o__Mucorales;f__Cunninghamellaceae;g__Absidia	0	0	4	0	0	0
k__Fungi;p__Mucoromycota;c__Mucoromycetes;o__Mucorales;f__Cunninghamellaceae;g__Cunninghamella	2	0	14	3	1	0
k__Fungi;p__Mucoromycota;c__Mucoromycetes;o__Mucorales;f__Rhizopodaceae;g__Rhizopus	16	38	70	44	25	2
k__Fungi;p__unidentified;c__unidentified;o__unidentified;f__unidentified;g__unidentified	165	571	274	302	514	327
k__Plantae;p__Anthophyta;c__Eudicotyledonae;o__Fagales;f__Fagaceae;g__Quercus	6	5	85	220	0	1
k__Plantae;p__Chlorophyta;c__unidentified;o__unidentified;f__unidentified;g__unidentified	298	147	160	167	53	52
k__Plantae;p__unidentified;c__unidentified;o__unidentified;f__unidentified;g__unidentified	617	18321	1212	26401	322	6233
k__Stramenopila;p__Oomycota;c__Oomycetes;o__Peronosporales;f__Peronosporales_fam_Incertae_sedis;g__Phytophthora	687	20	257	4	440	44
